seed_number,world_seed,year,average_hunger,maximum_hunger,average_prosperity,minimum_prosperity,maximum_prosperity,average_security,minimum_security,maximum_security,average_food_price,maximum_food_price,closed_routes,active_situations,bandit_influence,monster_pressure,average_legitimacy,shipment_slots,event_count,goblin_tributes,dragon_hoard,dragon_stolen,dragon_retaliations,average_inequality,maximum_inequality,average_war_burden,maximum_war_burden,hoard_raids,social_hoard_raids,war_hoard_raids,tracked_gold,market_coins,war_chests,total_food_stock,average_war_supply_crisis,maximum_war_supply_crisis,total_kingdom_treasury,treasure_count,goblin_lair_food,goblin_lair_weapons,dragon_raw_gold,dragon_gems,tracked_iron,tracked_tools,tracked_weapons,iron_ledger_reserve,iron_ledger_debt,smuggler_routes,goblin_hoard_defenses,wars,alliances,active_couriers,lost_couriers,distorted_couriers,dragon_slain,dragon_campaign_attempts,dragon_campaign_victories,dragon_campaign_defeats,dragon_stage,dragon_age_years,dragon_crown_strength,dragon_body_condition,dragon_memory_integrity,dragon_territory_stability,dragon_regional_influence,dragon_eggs,dragon_hunts,dragon_broods,dragon_whelps_dispersed,dragon_afterdeath_days,active_settlements,abandoned_settlements,total_population,climate_factor,dragon_campaign_experience
1,2654435769,1,20,62,65,18,82,59,0,100,6,8,1,3,36,68,74,3,256,7,137,0,1,60,80,15,39,1,1,0,3341,962,118,139,9,59,1602,1,35,6,0,1,17209,35,58,480,0,1,1,1,0,0,0,0,0,0,0,0,3,299,48,76,100,85,59,0,0,0,0,0,6,0,11843,58,0
1,2654435769,2,49,100,41,0,90,49,0,100,7,8,0,2,79,55,66,3,256,16,272,0,1,61,80,2,10,1,1,0,3341,1106,118,30,0,0,1308,1,37,6,0,1,17139,21,59,480,0,1,1,0,0,0,0,0,0,0,0,0,3,300,52,69,100,98,61,0,0,0,0,0,6,0,11797,58,0
1,2654435769,3,46,96,28,0,88,49,0,100,7,8,0,2,100,69,36,3,256,24,392,0,1,50,76,2,10,1,1,0,3341,930,118,64,0,0,1506,1,67,6,0,1,16950,32,64,338,214,1,1,0,0,0,0,0,0,0,0,0,3,301,53,63,100,100,61,0,0,0,0,0,6,0,11627,58,0
1,2654435769,4,38,100,31,0,92,47,0,100,7,8,0,3,100,67,42,3,256,33,522,0,1,47,74,2,10,1,1,0,3341,870,118,9,0,0,1304,1,85,6,0,1,16834,15,64,485,211,1,1,0,0,0,0,0,0,0,0,0,3,302,57,56,100,100,63,0,0,0,0,0,6,0,11590,58,0
1,2654435769,5,58,100,27,0,89,47,0,100,8,8,0,2,100,65,24,3,256,40,627,0,1,53,74,2,10,1,1,0,3341,905,118,0,0,0,1108,1,117,6,0,1,16738,11,64,526,170,1,1,0,0,0,0,0,0,0,0,0,3,303,57,50,100,100,63,0,0,0,0,0,6,0,11454,58,0
1,2654435769,6,60,100,27,0,86,47,0,100,8,8,0,3,100,65,14,3,256,48,747,0,1,54,74,2,10,1,1,0,3341,886,118,0,0,0,1022,1,135,6,0,1,16690,12,64,526,170,1,1,0,0,0,0,0,0,0,0,0,3,304,57,83,100,100,63,0,1,0,0,0,6,0,11308,58,0
1,2654435769,7,62,100,26,0,83,46,0,100,8,8,0,1,100,71,13,3,256,56,875,0,1,54,70,2,10,1,1,0,3341,852,118,0,0,0,928,1,171,6,0,1,16606,11,64,526,170,1,1,0,0,0,0,0,0,0,0,0,3,305,57,77,100,100,63,0,1,0,0,0,6,0,11161,58,0
1,2654435769,8,60,100,26,0,79,46,0,100,8,8,0,3,100,70,14,3,256,64,1003,0,1,52,70,2,10,1,1,0,3341,887,118,0,0,0,765,1,191,6,0,1,16557,8,64,526,170,1,1,0,0,0,0,0,0,0,0,0,3,306,60,70,100,100,64,0,1,0,0,0,6,0,11023,58,0
1,2654435769,9,61,100,25,0,78,46,0,100,8,8,2,5,100,66,8,3,256,74,1163,0,1,51,70,2,10,1,1,0,3341,856,118,0,0,0,636,1,233,6,0,1,16505,5,64,526,170,1,1,0,0,0,0,0,0,0,0,0,3,307,60,64,100,100,65,0,1,0,0,0,6,0,10888,58,0
1,2654435769,10,62,100,26,0,78,46,0,100,8,8,2,5,100,63,7,3,256,82,1291,0,1,51,70,2,10,1,1,0,3341,779,118,0,0,0,585,1,253,6,0,1,16451,5,64,526,0,1,1,0,0,0,0,0,0,0,0,0,3,308,60,57,100,100,65,0,1,0,0,0,6,0,10757,58,0
2,1013904242,1,9,59,75,18,96,66,0,100,6,8,1,2,20,70,75,3,256,7,142,0,0,60,69,15,39,0,0,0,3509,928,118,138,1,11,1799,1,0,3,1,0,17242,71,41,480,0,1,0,1,0,0,0,0,0,0,0,0,3,247,46,76,100,85,58,0,0,0,0,0,6,0,12637,100,0
2,1013904242,2,9,45,76,1,100,67,0,100,6,8,1,2,4,56,75,3,256,15,270,0,0,63,79,15,39,0,0,0,3509,828,118,118,1,11,1771,1,0,3,1,0,17104,45,61,480,0,1,0,1,0,0,0,0,0,0,0,0,3,248,50,69,100,98,60,0,0,0,0,0,6,0,12894,100,0
2,1013904242,3,9,28,79,1,100,65,0,100,6,8,1,3,4,70,75,3,256,24,414,0,0,62,86,15,39,0,0,0,3509,965,118,115,5,31,1486,1,0,3,1,0,17059,20,62,484,0,1,0,1,0,0,0,0,0,0,0,0,3,249,51,63,100,100,60,0,0,0,0,0,6,0,13147,100,0
2,1013904242,4,17,48,65,2,100,65,0,100,6,8,0,2,4,69,75,3,256,32,534,0,1,63,72,2,10,1,1,0,3509,812,118,149,0,0,1492,1,0,6,2,0,16918,11,64,496,71,1,1,0,0,0,0,0,0,0,0,0,3,250,57,56,100,100,63,0,0,0,0,0,6,0,13025,100,0
2,1013904242,5,10,35,69,2,100,67,0,100,7,8,0,2,4,56,75,3,256,41,669,0,1,61,73,2,10,1,1,0,3509,776,118,96,0,0,1357,2,0,6,2,0,16730,45,64,547,20,1,1,0,0,0,0,0,0,0,0,0,3,251,57,50,100,100,63,0,0,0,0,0,6,0,13229,100,0
2,1013904242,6,10,58,70,0,100,63,1,100,7,8,0,2,4,63,72,3,256,50,804,0,1,60,74,13,25,1,1,0,3509,833,118,57,6,32,1297,3,31,6,2,0,16568,38,64,415,207,1,1,2,0,0,0,0,0,0,0,0,3,252,57,83,100,100,63,0,1,0,0,0,6,0,13453,100,0
2,1013904242,7,30,99,60,0,100,53,0,100,6,8,0,2,4,62,74,3,256,58,924,0,2,57,77,5,20,2,2,0,3509,768,118,128,1,6,1177,3,67,5,2,0,16460,19,61,480,239,2,2,1,0,0,0,0,0,0,0,0,3,253,57,77,100,100,63,0,1,0,0,0,6,0,13334,100,0
2,1013904242,8,34,83,45,0,100,46,0,100,7,8,1,3,4,72,57,3,256,66,1016,0,2,49,71,12,40,2,2,0,3509,516,117,96,2,13,1665,3,137,5,2,0,16380,29,61,153,650,4,2,2,0,0,0,0,0,0,0,0,3,254,60,70,100,100,65,0,1,0,0,0,6,0,13343,100,0
2,1013904242,9,49,100,46,0,100,46,0,100,7,8,2,5,100,68,50,3,256,71,1035,0,2,55,68,12,40,2,2,0,3509,257,117,96,2,13,1556,3,93,5,2,0,16360,8,61,502,435,4,2,2,0,0,0,1,0,0,0,0,3,255,60,64,100,100,65,0,1,0,0,0,6,0,13273,100,0
2,1013904242,10,49,100,46,0,98,46,0,100,7,8,3,6,100,64,50,3,256,71,1035,0,2,55,67,16,52,2,2,0,3509,240,117,96,6,41,1504,3,47,5,2,0,16354,5,47,571,42,4,2,2,0,0,0,2,0,0,0,0,3,256,60,57,100,100,65,0,1,0,0,0,6,0,13195,100,0
3,3668340011,1,7,30,77,30,99,67,0,100,7,8,1,2,4,70,75,3,256,7,142,0,0,60,72,15,39,0,0,0,3304,925,118,92,1,11,1597,0,0,3,0,2,17218,49,42,480,0,1,0,1,0,0,0,0,0,0,0,0,3,244,40,76,100,85,55,0,0,0,0,0,6,0,12116,100,0
3,3668340011,2,8,36,72,0,100,65,0,100,7,8,1,2,3,71,75,3,256,14,248,0,1,60,71,15,39,1,1,0,3304,898,118,91,1,11,1546,0,0,6,0,2,17076,14,45,437,58,1,1,1,0,0,0,0,0,0,0,0,3,245,41,69,100,98,55,0,0,0,0,0,6,0,12055,100,0
3,3668340011,3,23,80,64,0,100,64,0,100,7,8,1,3,3,68,70,3,256,23,383,0,1,62,78,15,38,1,1,0,3304,1016,118,96,9,59,1234,0,0,6,1,2,16950,13,60,511,19,1,1,1,0,0,0,1,0,0,0,0,3,246,47,63,100,100,58,0,0,0,0,0,6,0,12192,100,0
3,3668340011,4,20,58,57,0,100,62,0,100,7,8,0,3,3,69,74,3,256,31,503,0,1,55,69,2,10,1,1,0,3304,772,118,24,0,0,1446,0,38,6,1,2,16934,5,60,423,203,1,1,0,0,1,0,1,0,0,0,0,3,247,51,56,100,100,60,0,0,0,0,0,6,0,12285,100,0
3,3668340011,5,43,100,45,0,100,46,0,100,7,8,1,3,3,56,47,3,256,36,578,0,1,50,73,14,25,1,1,0,3304,652,118,96,0,0,1364,0,62,6,1,2,16934,5,60,545,122,3,1,1,0,0,0,1,0,0,0,0,3,248,51,50,100,100,60,0,0,0,0,0,6,0,12235,100,0
3,3668340011,6,35,96,46,0,100,49,0,100,7,8,2,4,3,63,42,3,256,39,595,0,1,50,71,2,10,1,1,0,3304,753,118,52,0,0,1587,0,52,6,1,2,16934,5,60,209,542,3,1,0,0,0,0,1,0,0,0,0,3,249,51,83,100,100,60,0,1,0,0,0,6,0,12188,100,0
3,3668340011,7,31,100,47,0,100,46,0,100,7,8,1,2,3,73,43,3,256,39,595,0,1,47,65,2,10,1,1,0,3304,721,118,87,0,0,1766,0,13,6,1,2,16902,11,60,62,702,3,1,0,0,0,0,1,0,0,0,0,3,250,51,77,100,100,60,0,1,0,0,0,6,0,12145,100,0
3,3668340011,8,29,100,47,0,100,48,0,100,7,8,1,3,3,69,40,3,256,39,595,0,1,47,65,2,10,1,1,0,3304,624,118,92,0,0,1877,0,0,6,1,2,16830,10,60,48,716,3,1,0,0,0,0,1,0,0,0,0,3,251,51,70,100,100,60,0,1,0,0,0,6,0,12204,100,0
3,3668340011,9,29,100,49,0,100,49,0,100,7,8,1,3,3,69,42,3,256,39,595,0,1,49,64,2,10,1,1,0,3304,615,118,96,0,0,1879,0,0,6,1,2,16790,6,60,55,709,3,1,0,0,0,0,1,0,0,0,0,3,252,51,64,100,100,60,0,1,0,0,0,6,0,12270,100,0
3,3668340011,10,29,100,48,0,100,47,0,100,7,8,1,2,3,65,45,3,256,39,595,0,1,47,63,15,39,1,1,0,3304,654,118,104,0,0,1781,0,0,6,1,2,16718,16,60,114,89,3,1,1,0,0,0,1,0,0,0,0,3,253,51,57,100,93,60,0,1,0,0,0,6,0,12344,100,0
4,2027808484,1,6,23,76,25,100,63,0,100,6,8,1,3,18,70,75,3,256,9,174,0,0,57,76,15,39,0,0,0,3373,842,118,138,1,11,1717,1,0,3,0,1,17242,69,38,480,0,1,0,1,0,0,0,0,0,0,0,0,3,273,36,76,100,85,53,0,0,0,0,0,6,0,12114,78,0
4,2027808484,2,24,62,66,0,100,62,0,100,7,8,1,2,4,56,73,3,256,16,279,0,1,63,81,15,39,1,1,0,3373,1242,118,93,9,59,1197,1,0,6,1,2,17047,31,48,495,119,1,1,1,0,0,0,0,0,0,0,0,3,274,46,69,100,98,58,0,0,0,0,0,6,0,12048,78,0
4,2027808484,3,36,100,51,0,100,58,0,100,7,8,0,2,4,70,68,3,256,25,414,0,1,56,74,2,10,1,1,0,3373,887,118,96,0,0,1353,1,21,6,1,2,16954,21,57,559,67,1,1,0,0,0,0,0,0,0,0,0,3,275,48,63,100,100,59,0,0,0,0,0,6,0,12035,78,0
4,2027808484,4,35,100,45,0,100,50,0,100,7,8,0,2,4,69,55,3,256,34,549,0,1,52,72,2,10,1,1,0,3373,804,118,63,0,0,1293,1,55,6,1,2,16954,10,57,567,59,1,1,0,0,0,0,0,0,0,0,0,3,276,51,56,100,100,60,0,0,0,0,0,6,0,11985,78,0
4,2027808484,5,44,100,46,0,99,49,0,100,7,8,0,2,4,56,50,3,256,43,693,0,1,54,71,2,10,1,1,0,3373,861,118,109,0,0,1138,1,124,6,1,2,16938,6,57,521,105,1,1,0,0,0,0,0,0,0,0,0,3,277,51,50,100,100,60,0,0,0,0,0,6,0,11926,78,0
4,2027808484,6,44,100,44,0,96,46,0,100,7,8,1,3,16,63,41,3,256,52,837,0,1,52,71,2,10,1,1,0,3373,843,118,76,0,0,966,1,160,6,1,2,16938,5,57,567,59,1,1,0,0,0,0,0,0,0,0,0,3,278,51,83,100,100,60,0,1,0,0,0,6,0,11862,78,0
4,2027808484,7,52,100,29,0,93,46,0,100,7,8,1,3,92,62,30,3,256,61,981,0,1,48,67,2,10,1,1,0,3373,770,118,72,0,0,1038,1,213,6,1,2,16938,5,57,424,262,1,1,0,0,0,0,0,0,0,0,0,3,279,51,77,100,100,60,0,1,0,0,0,6,0,11730,78,0
4,2027808484,8,53,98,28,0,90,46,0,100,7,8,1,3,100,72,25,3,256,69,1109,0,1,48,69,2,10,1,1,0,3373,840,118,45,0,0,996,1,266,6,1,2,16910,5,57,252,487,1,1,0,0,0,0,0,0,0,0,0,3,280,54,70,100,100,62,0,1,0,0,0,6,0,11593,78,0
4,2027808484,9,55,100,27,0,88,46,0,100,7,8,1,5,100,68,24,3,256,78,1253,0,1,47,60,2,10,1,1,0,3373,705,118,97,0,0,923,1,299,6,1,2,16826,5,57,332,479,1,1,0,0,0,0,0,0,0,0,0,3,281,54,64,100,100,62,0,1,0,0,0,6,0,11453,78,0
4,2027808484,10,56,100,27,0,85,46,0,100,7,8,3,5,100,64,24,3,256,87,1377,0,1,47,59,2,10,1,1,0,3373,560,118,69,0,0,913,1,320,6,1,2,16742,5,57,347,45,1,1,0,0,0,0,0,0,0,0,0,3,282,54,57,100,100,62,0,1,0,0,0,6,0,11358,78,0
5,387276957,1,7,36,76,21,98,65,0,100,6,8,1,3,15,71,75,3,256,8,158,0,0,61,66,15,39,0,0,0,3349,941,118,115,1,11,1610,4,17,3,1,1,17274,55,48,480,0,1,0,1,0,0,0,0,0,0,0,0,3,221,62,76,100,85,65,0,0,0,0,0,6,0,12363,100,0
5,387276957,2,6,23,72,3,100,66,0,100,7,8,1,2,4,54,75,3,256,15,267,0,1,59,72,15,39,1,1,0,3349,1011,118,103,1,11,1388,4,0,6,1,2,17138,35,51,508,7,1,1,1,0,0,0,0,0,0,0,0,3,222,71,69,100,98,70,0,0,0,0,0,6,0,12315,100,0
5,387276957,3,14,47,69,5,100,67,0,100,7,8,1,3,4,68,75,3,256,24,402,0,1,63,73,15,38,1,1,0,3349,797,118,96,1,11,1476,4,0,6,1,2,17049,25,53,514,1,1,1,1,0,0,0,0,0,0,0,0,3,223,72,63,100,100,71,0,0,0,0,0,6,0,12504,100,0
5,387276957,4,17,63,58,0,100,64,0,100,6,8,0,2,4,70,75,3,256,33,537,0,1,53,72,2,10,1,1,0,3349,961,118,165,0,0,1203,4,18,6,1,2,16978,13,56,488,27,1,1,0,0,0,0,0,0,0,0,0,3,224,76,56,100,100,73,0,0,0,0,0,6,0,12610,100,0
5,387276957,5,18,48,59,0,100,66,0,100,7,8,0,3,4,57,75,3,256,41,657,0,1,61,70,2,10,1,1,0,3349,945,118,72,0,0,1089,4,0,6,1,2,16896,7,57,498,24,1,1,0,0,0,0,0,0,0,0,0,3,225,76,50,100,100,73,0,0,0,0,0,6,0,12790,100,0
5,387276957,6,17,49,54,0,100,62,0,100,7,8,0,2,4,64,75,3,256,49,777,0,2,57,65,10,15,2,2,0,3349,960,118,67,0,0,930,4,0,5,1,2,16833,8,57,522,0,1,2,1,0,0,0,0,0,0,0,0,3,226,76,83,100,100,73,0,1,0,0,0,6,0,12717,100,0
5,387276957,7,37,100,45,0,100,52,0,100,7,8,1,3,4,71,62,3,256,57,897,0,2,55,69,14,25,2,2,0,3349,976,118,91,0,0,805,4,18,5,1,2,16833,5,57,511,11,3,2,1,0,0,0,0,0,0,0,0,3,227,76,77,100,100,73,0,1,0,0,0,6,0,12727,100,0
5,387276957,8,19,63,49,0,100,51,0,100,6,8,1,2,4,70,74,3,256,65,1017,0,2,43,65,2,10,2,2,0,3349,868,118,144,0,0,782,4,111,5,1,2,16785,12,59,522,0,3,2,0,0,0,0,0,0,0,0,0,3,228,79,70,100,100,74,0,1,0,0,0,6,0,12815,100,0
5,387276957,9,29,79,46,0,100,52,0,100,7,8,1,3,4,70,71,3,256,72,1088,0,2,49,64,2,10,2,2,0,3349,757,118,52,0,0,822,4,159,5,1,2,16743,15,59,522,0,3,2,0,0,0,0,0,0,0,0,0,3,229,79,64,100,100,74,0,1,0,0,0,6,0,12938,100,0
5,387276957,10,33,72,47,0,100,46,0,100,6,8,1,4,4,66,48,3,256,75,1100,0,2,48,64,2,10,2,2,0,3349,924,118,85,0,0,1153,4,165,5,1,2,16727,11,59,12,0,3,2,0,0,0,0,0,0,0,0,0,3,230,79,57,100,100,74,0,1,0,0,0,6,0,12973,100,0
6,3041712726,1,7,42,77,30,100,65,0,100,6,8,1,3,17,69,75,3,256,6,126,0,0,61,66,15,39,0,0,0,3459,1018,118,123,1,11,1675,1,0,3,1,3,17282,52,52,480,0,1,0,1,0,0,0,0,0,0,0,0,3,299,58,76,100,85,62,0,0,0,0,0,6,0,12589,132,0
6,3041712726,2,7,42,76,0,100,65,0,100,6,8,1,2,4,56,75,3,256,14,254,0,0,61,68,15,39,0,0,0,3459,738,118,135,1,11,1811,1,0,3,1,3,17165,24,61,480,0,1,0,1,0,0,0,0,0,0,0,0,3,300,62,69,100,98,66,0,0,0,0,0,6,0,12858,132,0
6,3041712726,3,11,61,79,0,100,67,0,100,7,8,1,3,4,70,75,3,256,23,398,0,0,66,74,15,39,0,0,0,3459,995,118,100,1,11,1426,1,0,3,1,3,17097,17,61,480,0,1,0,1,0,0,0,0,0,0,0,0,3,301,63,63,100,100,66,0,0,0,0,0,6,0,13122,132,0
6,3041712726,4,13,63,79,0,100,66,0,100,6,8,1,4,4,68,75,3,256,31,526,0,0,65,77,15,38,0,0,0,3459,932,118,126,1,11,1309,1,0,3,1,3,17043,8,61,516,6,1,0,1,0,1,0,0,0,0,0,0,3,302,67,56,100,100,68,0,0,0,0,0,6,0,13381,132,0
6,3041712726,5,4,20,80,8,100,67,0,100,6,8,1,3,4,55,75,3,256,40,670,0,0,60,88,19,50,0,0,0,3459,790,118,118,1,11,1351,1,0,3,2,3,16973,17,61,488,72,2,0,2,0,0,0,0,0,0,0,0,3,303,69,50,100,100,68,0,0,0,0,0,6,0,13648,132,0
6,3041712726,6,26,86,72,0,100,66,1,100,7,8,0,2,4,66,74,3,256,47,775,0,1,67,90,15,38,1,1,0,3459,610,118,96,1,7,1382,1,0,6,2,3,16820,12,63,532,28,3,1,2,0,0,0,0,0,0,0,0,3,304,69,83,100,100,69,0,1,0,0,0,6,0,13578,132,0
6,3041712726,7,13,36,62,3,100,55,0,100,6,8,0,2,4,72,75,3,256,54,880,0,1,58,85,2,10,1,1,0,3459,597,118,150,0,0,1431,1,41,6,2,3,16734,21,63,391,205,3,1,1,0,0,0,0,0,0,0,0,3,305,69,77,100,100,69,0,1,0,0,0,6,0,13682,132,0
6,3041712726,8,17,54,55,0,100,49,0,100,6,8,0,2,4,71,75,3,256,62,1000,0,1,54,62,2,10,1,1,0,3459,650,118,118,0,0,1586,1,74,6,2,3,16654,26,63,63,533,3,1,0,0,0,0,0,0,0,0,0,3,306,72,70,100,100,71,0,1,0,0,0,6,0,13753,132,0
6,3041712726,9,19,96,59,0,100,47,0,100,6,8,1,3,4,68,42,3,256,69,1112,0,1,44,62,2,10,1,1,0,3459,573,118,125,0,0,1612,1,149,6,2,3,16470,42,63,2,594,3,1,0,0,0,0,0,0,0,0,0,3,307,72,64,100,100,71,0,1,0,0,0,6,0,13830,132,0
6,3041712726,10,19,99,66,0,100,47,0,100,7,8,1,3,4,64,38,3,256,78,1233,0,2,52,62,2,10,2,2,0,3459,528,118,96,0,0,1530,1,184,5,2,3,16324,36,60,8,114,3,2,0,0,0,0,0,0,0,0,0,3,308,72,57,100,100,71,0,1,0,0,0,6,0,13752,132,0
7,1401181199,1,11,63,76,20,100,66,0,100,7,8,1,3,3,70,75,3,256,7,142,0,0,62,70,15,39,0,0,0,3314,990,118,100,1,11,1542,1,0,3,0,3,17191,55,49,480,0,1,0,1,0,0,0,0,0,0,0,0,3,247,44,76,100,85,57,0,0,0,0,0,6,0,12388,100,0
7,1401181199,2,15,56,71,0,100,66,0,100,7,8,1,2,3,56,73,3,256,15,270,0,1,63,75,15,39,1,1,0,3314,940,118,96,1,11,1464,2,0,2,0,3,17036,20,51,480,0,1,1,1,0,0,0,0,0,0,0,0,3,248,48,69,100,98,59,0,0,0,0,0,6,0,12400,100,0
7,1401181199,3,23,62,63,1,100,67,0,100,7,8,0,2,3,70,75,3,256,23,390,0,1,60,86,2,10,1,1,0,3314,921,118,117,0,0,1347,2,0,6,0,3,16930,26,59,496,10,1,1,0,0,0,0,0,0,0,0,0,3,249,49,63,100,100,59,0,0,0,0,0,6,0,12547,100,0
7,1401181199,4,32,99,51,0,100,61,0,100,7,8,0,2,3,69,73,3,256,32,525,0,1,57,73,2,10,1,1,0,3314,914,118,99,0,0,1203,2,41,6,0,3,16888,15,59,512,76,1,1,0,0,0,0,0,0,0,0,0,3,250,53,56,100,100,61,0,0,0,0,0,6,0,12630,100,0
7,1401181199,5,43,96,46,0,100,52,0,100,7,8,0,2,3,56,55,3,256,40,645,0,1,59,75,2,10,1,1,0,3314,988,118,96,0,0,957,2,77,6,0,3,16860,5,63,564,24,1,1,0,0,0,0,0,0,0,0,0,3,251,53,50,100,100,61,0,0,0,0,0,6,0,12587,100,0
7,1401181199,6,39,98,46,0,100,52,0,100,6,8,1,3,3,63,50,3,256,49,780,0,1,57,70,2,10,1,1,0,3314,986,118,133,0,0,800,2,119,6,0,3,16844,5,63,588,0,1,1,0,0,0,0,0,0,0,0,0,3,252,53,83,100,100,61,0,1,0,0,0,6,0,12569,100,0
7,1401181199,7,39,100,46,0,100,49,0,100,6,8,1,3,29,62,50,3,256,58,924,0,1,53,71,2,10,1,1,0,3314,969,118,109,0,0,716,2,156,6,0,3,16844,5,63,545,43,1,1,0,0,0,0,0,0,0,0,0,3,253,53,77,100,100,61,0,1,0,0,0,6,0,12546,100,0
7,1401181199,8,47,100,45,0,100,47,0,100,7,8,1,4,96,72,50,3,256,67,1068,0,1,56,72,2,10,1,1,0,3314,833,118,76,0,0,688,2,183,6,0,3,16828,5,63,565,23,1,1,0,0,0,0,0,0,0,0,0,3,254,56,70,100,100,63,0,1,0,0,0,6,0,12561,100,0
7,1401181199,9,46,100,44,0,98,46,0,100,7,8,1,5,100,68,49,3,256,76,1212,0,1,52,70,2,10,1,1,0,3314,777,118,96,0,0,604,2,232,6,0,3,16828,5,63,545,43,1,1,0,0,0,0,0,0,0,0,0,3,255,56,64,100,100,63,0,1,0,0,0,6,0,12558,100,0
7,1401181199,10,38,100,44,0,96,46,0,100,7,8,1,4,100,64,50,3,256,85,1356,0,1,48,70,2,10,1,1,0,3314,747,118,77,0,0,608,2,281,6,0,3,16728,5,63,427,185,1,1,0,0,0,0,0,0,0,0,0,3,256,56,57,100,100,63,0,1,0,0,0,6,0,12548,100,0
8,4055616968,1,9,43,68,23,94,61,0,100,6,8,0,2,13,71,75,3,256,5,107,0,1,56,67,11,27,1,1,0,3319,1024,118,129,1,7,1548,0,23,6,0,2,17272,47,40,480,0,2,1,1,0,0,0,0,0,0,0,0,3,244,40,76,100,85,54,0,0,0,0,0,6,0,12443,116,0
8,4055616968,2,29,73,58,0,100,53,0,100,6,8,0,1,4,54,76,3,256,12,212,0,1,65,81,2,10,1,1,0,3319,872,118,115,0,0,1576,0,42,6,0,2,17245,17,42,484,7,2,1,0,0,0,0,0,0,0,0,0,3,245,41,69,100,98,55,0,0,0,0,0,6,0,12590,116,0
8,4055616968,3,20,76,62,0,99,54,0,100,7,8,0,1,4,68,75,3,256,21,347,0,1,61,75,2,10,1,1,0,3319,841,118,64,0,0,1480,0,111,6,0,2,17128,20,48,491,0,2,1,0,0,0,0,0,0,0,0,0,3,246,45,63,100,100,57,0,0,0,0,0,6,0,12753,116,0
8,4055616968,4,43,100,49,0,100,49,0,100,7,8,0,2,4,70,68,3,256,29,467,0,1,57,76,2,10,1,1,0,3319,865,118,92,0,0,1331,0,101,6,0,2,16936,31,48,496,24,2,1,1,0,0,0,0,0,0,0,0,3,247,46,56,100,100,58,0,0,0,0,0,6,0,12757,116,0
8,4055616968,5,39,100,48,0,99,49,0,100,7,8,0,2,4,57,53,3,256,38,602,0,1,54,72,2,10,1,1,0,3319,959,118,92,0,0,1128,0,108,6,0,2,16792,24,48,470,74,2,1,1,0,0,0,0,0,0,0,0,3,248,49,50,100,100,59,0,0,0,0,0,6,0,12735,116,0
8,4055616968,6,42,100,49,0,100,49,0,100,7,8,0,2,4,64,50,3,256,47,737,0,1,55,74,2,10,1,1,0,3319,969,118,94,0,0,956,0,96,6,0,2,16638,35,48,497,58,2,1,1,0,0,0,0,0,0,0,0,3,249,49,83,100,100,59,0,1,0,0,0,6,0,12723,116,0
8,4055616968,7,38,100,49,0,100,49,0,100,7,8,0,1,4,71,51,3,256,56,881,0,1,53,74,2,10,1,1,0,3319,918,118,79,0,0,864,0,106,6,0,2,16511,26,52,480,160,2,1,1,0,0,0,0,0,0,0,0,3,250,49,77,100,100,59,0,1,0,0,0,6,0,12731,116,0
8,4055616968,8,36,100,49,0,100,49,0,100,7,8,0,2,4,70,54,3,256,66,1041,0,1,51,76,2,10,1,1,0,3319,889,118,78,0,0,784,0,133,6,0,2,16381,24,52,445,280,2,1,1,0,0,0,0,0,0,0,0,3,251,52,70,100,100,61,0,1,0,0,0,6,0,12737,116,0
8,4055616968,9,39,100,49,0,100,48,0,100,7,8,0,1,4,70,50,3,256,75,1185,0,1,52,76,2,10,1,1,0,3319,961,118,96,0,0,593,0,138,6,0,2,16261,28,52,420,394,2,1,1,0,0,0,0,0,0,0,0,3,252,52,64,100,100,61,0,1,0,0,0,6,0,12758,116,0
8,4055616968,10,41,100,49,0,100,48,0,100,7,8,0,2,4,66,42,3,256,85,1345,0,1,50,68,2,10,1,1,0,3319,939,118,96,0,0,443,0,153,6,0,2,16099,24,54,432,0,2,1,1,0,0,0,0,0,0,0,0,3,253,52,57,100,100,61,0,1,0,0,0,6,0,12797,116,0
9,2415085441,1,5,32,77,30,100,64,0,100,6,8,1,3,16,70,75,3,256,8,158,0,0,60,63,15,39,0,0,0,3362,962,118,122,1,11,1602,0,0,3,0,2,17297,48,40,480,0,1,0,1,0,0,0,0,0,0,0,0,3,273,40,76,100,85,54,0,0,0,0,0,6,0,12295,132,0
9,2415085441,2,9,55,75,0,100,66,0,100,6,8,1,2,4,56,75,3,256,17,302,0,0,62,66,15,39,0,0,0,3362,863,118,105,1,11,1557,2,0,3,0,2,17180,23,48,480,0,1,0,1,0,0,0,0,0,0,0,0,3,274,44,69,100,98,57,0,0,0,0,0,6,0,12551,132,0
9,2415085441,3,11,70,78,0,100,66,0,100,7,8,1,2,4,70,75,3,256,25,430,0,0,65,76,15,39,0,0,0,3362,991,118,96,1,11,1285,2,0,3,0,2,17094,16,54,480,0,1,0,1,0,0,0,0,0,0,0,0,3,275,45,63,100,100,57,0,0,0,0,0,6,0,12810,132,0
9,2415085441,4,10,57,81,9,100,66,0,100,7,8,1,3,4,69,75,3,256,34,574,0,0,64,71,15,38,0,0,0,3362,952,103,92,1,11,1171,2,0,3,0,2,17066,8,54,520,1,1,0,1,0,0,0,0,0,0,0,0,3,276,49,56,100,100,59,0,0,0,0,0,6,0,13079,132,0
9,2415085441,5,18,64,73,1,100,63,0,100,7,8,1,3,4,56,73,3,256,42,702,0,1,65,83,15,38,1,1,0,3362,714,103,100,1,11,1280,2,0,6,1,2,17003,12,53,521,0,1,1,1,0,0,0,0,0,0,0,0,3,277,51,50,100,100,59,0,0,0,0,0,6,0,13111,132,0
9,2415085441,6,9,35,63,0,100,54,1,100,6,8,0,2,4,63,75,3,256,43,717,0,1,57,82,13,25,1,1,0,3362,891,208,197,2,8,1135,2,28,6,1,2,16952,10,56,369,368,3,1,2,0,0,0,0,0,0,0,0,3,278,51,83,100,100,60,0,1,0,0,0,6,0,13288,132,0
9,2415085441,7,8,24,72,11,100,59,1,100,7,8,1,3,4,62,75,3,256,52,840,0,1,61,76,17,25,1,1,0,3362,1012,210,103,7,34,694,2,82,6,1,2,16824,29,61,564,221,3,1,2,0,0,0,0,0,0,0,0,3,279,51,77,100,100,60,0,1,0,0,0,6,0,13500,132,0
9,2415085441,8,10,44,72,2,100,55,0,100,7,8,0,1,4,72,75,3,256,60,951,0,1,58,64,12,25,1,1,0,3362,934,208,106,7,38,567,2,112,6,1,2,16710,35,61,660,125,3,1,2,0,0,0,0,0,0,0,0,3,280,51,70,100,100,60,0,1,0,0,0,6,0,13691,132,0
9,2415085441,9,15,67,73,1,100,58,0,100,7,8,0,2,4,68,75,3,256,69,1086,0,1,57,72,16,25,1,1,0,3362,910,206,106,6,30,406,2,132,6,1,2,16628,34,61,712,73,3,1,3,0,0,0,0,0,0,0,0,3,281,54,64,100,100,62,0,1,0,0,0,6,0,13892,132,0
9,2415085441,10,4,22,76,14,100,63,1,100,6,8,0,1,4,64,67,3,256,78,1207,0,1,51,69,16,25,1,1,0,3362,778,206,153,2,8,402,3,180,6,1,2,16551,26,61,727,0,4,1,3,0,0,0,0,0,0,0,0,3,282,54,57,100,100,62,0,1,0,0,0,6,0,14126,132,0
10,774553914,1,13,37,76,30,100,65,0,100,7,8,1,2,14,69,72,3,256,8,158,0,0,64,74,15,39,0,0,0,3350,920,118,96,9,59,1616,0,0,3,1,0,17230,39,42,480,0,1,0,1,0,0,0,0,0,0,0,0,3,221,34,76,100,85,52,0,0,0,0,0,6,0,12897,58,0
10,774553914,2,29,67,56,0,99,59,0,100,7,8,0,1,22,55,57,3,256,17,294,0,1,59,72,2,10,1,1,0,3350,1035,118,72,0,0,1395,0,0,6,1,0,17007,21,50,466,29,1,1,0,0,0,0,0,0,0,0,0,3,222,38,69,100,98,54,0,0,0,0,0,6,0,12786,58,0
10,774553914,3,50,100,30,0,99,48,0,100,8,8,0,3,91,69,35,3,256,26,429,0,1,50,68,2,10,1,1,0,3350,884,118,0,0,0,1528,0,10,6,1,0,16950,14,51,349,301,1,1,0,0,0,0,0,0,0,0,0,3,223,40,63,100,100,55,0,0,0,0,0,6,0,12646,58,0
10,774553914,4,65,100,29,0,100,46,0,100,7,8,0,3,100,68,15,3,256,35,564,0,1,56,75,2,10,1,1,0,3350,917,118,5,0,0,1229,0,45,6,1,0,16890,13,51,480,340,1,1,0,0,0,0,0,0,0,0,0,3,224,43,56,100,100,56,0,0,0,0,0,6,0,12431,58,0
10,774553914,5,64,100,29,0,98,46,0,100,7,8,0,3,100,58,8,3,256,44,708,0,1,55,75,2,10,1,1,0,3350,887,118,5,0,0,1115,0,63,6,1,0,16874,9,51,480,340,1,1,0,0,0,0,0,0,0,0,0,3,225,43,50,100,100,56,0,0,0,0,0,6,0,12227,58,0
10,774553914,6,66,100,28,0,95,46,0,100,7,8,0,3,100,62,7,3,256,52,836,0,1,55,75,2,10,1,1,0,3350,779,118,6,0,0,1095,0,81,6,1,0,16818,5,51,480,340,1,1,0,0,0,0,0,0,0,0,0,3,226,43,83,100,100,56,0,1,0,0,0,6,0,12018,58,0
10,774553914,7,66,100,28,0,92,46,0,100,8,8,0,3,100,72,7,3,256,60,964,0,1,55,75,2,10,1,1,0,3350,642,118,0,0,0,1088,0,85,6,1,0,16750,5,51,480,340,1,1,0,0,0,0,0,0,0,0,0,3,227,43,77,100,100,56,0,1,0,0,0,6,0,11826,58,0
10,774553914,8,66,100,28,0,88,46,0,100,8,8,1,4,100,71,7,3,256,65,1014,0,1,54,75,2,10,1,1,0,3350,608,118,0,0,0,1088,0,43,6,1,0,16682,5,51,480,340,1,1,0,0,0,0,0,0,0,0,0,3,228,46,70,100,100,58,0,1,0,0,0,6,0,11663,58,0
10,774553914,9,64,100,28,0,85,46,0,100,7,8,1,3,100,67,7,3,256,72,1075,0,1,53,75,2,10,1,1,0,3350,562,118,16,0,0,1066,0,44,6,1,0,16626,5,51,480,340,1,1,0,0,0,0,0,0,0,0,0,3,229,46,64,100,100,58,0,1,0,0,0,6,0,11510,58,0
10,774553914,10,64,100,28,0,87,46,0,100,7,8,7,9,100,67,7,3,256,80,1156,0,1,53,73,2,10,1,1,0,3350,530,118,5,0,0,1024,0,45,6,1,0,16544,5,51,480,0,1,1,0,0,0,0,0,0,0,0,0,3,230,46,57,100,100,58,0,1,0,0,0,6,0,11396,58,0
11,3428989683,1,14,67,78,31,100,64,0,100,6,8,1,3,15,68,75,3,256,9,174,0,0,64,80,15,39,0,0,0,3349,890,118,140,1,11,1645,1,1,3,0,0,17271,47,47,480,0,1,0,1,0,0,0,0,0,0,0,0,3,299,44,76,100,85,57,0,0,0,0,0,6,0,11966,116,0
11,3428989683,2,7,35,80,11,100,67,0,100,7,8,1,2,4,55,75,3,256,17,302,0,0,63,74,15,39,0,0,0,3349,811,118,111,1,11,1596,1,0,3,0,0,17165,36,57,480,0,1,0,1,0,0,0,0,0,0,0,0,3,300,48,69,100,98,59,0,0,0,0,0,6,0,12205,116,0
11,3428989683,3,9,24,75,1,100,66,0,100,6,8,1,3,4,69,75,3,256,24,408,0,1,63,79,15,38,1,1,0,3349,979,118,116,7,47,1307,1,0,6,0,1,17055,14,60,480,0,1,1,1,0,0,0,0,0,0,0,0,3,301,53,63,100,100,61,0,0,0,0,0,6,0,12172,116,0
11,3428989683,4,13,34,66,1,100,66,0,100,7,8,0,2,4,67,75,3,256,33,543,0,1,58,72,10,15,1,1,0,3349,816,118,100,0,0,1350,1,0,6,0,1,17010,9,60,480,0,1,1,1,0,0,0,0,0,0,0,0,3,302,57,56,100,100,63,0,0,0,0,0,6,0,12323,116,0
11,3428989683,5,9,39,67,0,100,65,0,100,6,8,0,3,4,65,75,3,256,41,663,0,1,55,68,10,15,1,1,0,3349,801,118,102,0,0,1241,1,0,6,0,1,16864,37,60,484,0,2,1,1,0,0,0,0,0,0,0,0,3,303,57,50,100,100,63,0,0,0,0,0,6,0,12498,116,0
11,3428989683,6,3,19,70,1,100,67,1,100,6,8,1,3,4,65,75,3,256,49,783,0,1,55,74,14,25,1,1,0,3349,764,118,132,0,0,1143,2,8,6,0,1,16712,39,60,484,0,2,1,1,0,0,0,0,0,0,0,0,3,304,57,83,100,100,63,0,1,0,0,0,6,0,12691,116,0
11,3428989683,7,7,34,72,6,100,67,0,100,7,8,0,3,5,71,75,3,256,58,918,0,1,58,75,9,15,1,1,0,3349,653,118,96,0,0,1202,3,32,6,0,1,16533,38,60,416,140,2,1,1,0,0,0,0,0,0,0,0,3,305,57,77,100,100,63,0,1,0,0,0,6,0,12892,116,0
11,3428989683,8,6,26,74,0,100,67,0,100,7,8,0,3,4,70,75,3,256,66,1033,0,1,57,75,13,25,1,1,0,3349,545,135,103,2,8,1187,4,33,6,0,1,16414,30,60,407,305,2,1,2,0,0,0,0,0,0,0,0,3,306,60,70,100,100,65,0,1,0,0,0,6,0,13117,116,0
11,3428989683,9,16,39,70,0,100,63,0,100,7,8,1,3,4,66,69,3,256,74,1155,0,2,60,76,17,25,2,2,0,3349,600,136,107,2,8,959,4,53,5,0,1,16363,16,57,457,375,2,2,2,0,0,0,0,0,0,0,0,3,307,60,64,100,100,65,0,1,0,0,0,6,0,13117,116,0
11,3428989683,10,15,67,50,0,100,61,0,100,7,8,1,3,66,63,73,3,256,83,1290,0,2,49,67,2,10,2,2,0,3349,814,150,84,0,0,641,4,39,5,0,1,16363,11,57,412,529,5,2,0,0,0,0,0,0,0,0,0,3,308,60,57,100,100,65,0,1,0,0,0,6,0,13194,116,0
12,1788458156,1,10,64,77,24,98,65,0,100,7,8,1,3,3,68,75,3,256,9,174,0,0,62,75,15,39,0,0,0,3329,1018,118,96,1,11,1497,2,2,3,1,0,17208,54,47,480,0,1,0,1,0,0,0,0,0,0,0,0,3,247,46,76,100,85,58,0,0,0,0,0,6,0,12986,100,0
12,1788458156,2,8,26,78,9,100,67,0,100,6,8,1,2,3,55,75,3,256,17,283,19,0,61,85,15,39,0,0,0,3329,798,118,147,1,11,1561,2,2,2,1,0,17099,35,55,492,32,1,1,1,0,0,0,0,0,0,0,0,3,248,44,69,89,98,60,0,0,0,0,0,6,0,13228,100,0
12,1788458156,3,11,41,75,3,100,66,0,100,7,8,1,3,3,69,74,3,256,25,423,0,1,65,77,15,38,1,1,0,3329,944,103,92,9,59,1293,2,0,6,1,0,16978,12,63,524,0,1,1,1,0,0,0,0,0,0,0,0,3,249,52,63,100,100,61,0,0,0,0,0,6,0,13195,100,0
12,1788458156,4,6,21,71,1,100,66,0,100,7,8,1,3,3,67,74,3,256,33,543,0,1,59,74,15,38,1,1,0,3329,901,103,109,8,51,1216,2,0,6,1,0,16910,10,63,524,0,1,1,1,0,0,0,0,0,0,0,0,3,250,55,56,100,100,62,0,0,0,0,0,6,0,13404,100,0
12,1788458156,5,12,43,68,1,100,64,0,100,6,8,1,2,3,65,74,3,256,42,678,0,1,59,71,19,50,1,1,0,3329,823,118,156,9,59,1157,2,0,6,1,0,16846,11,63,511,13,1,1,2,0,0,0,0,0,0,0,0,3,251,55,50,100,100,62,0,0,0,0,0,6,0,13622,100,0
12,1788458156,6,34,76,57,0,100,63,0,100,7,8,0,2,3,65,74,3,256,50,798,0,1,59,71,9,15,1,1,0,3329,717,116,93,0,0,1132,2,0,6,1,0,16794,8,63,524,0,3,1,1,0,0,0,0,0,0,0,0,3,252,55,83,100,100,62,0,1,0,0,0,6,0,13768,100,0
12,1788458156,7,19,43,60,0,100,63,0,100,7,8,1,3,3,71,75,3,256,58,926,0,1,55,68,2,10,1,1,0,3329,669,116,96,0,0,1084,2,2,6,1,0,16745,8,63,492,143,3,1,0,0,0,0,0,0,0,0,0,3,253,55,77,100,100,62,0,1,0,0,0,6,0,13887,100,0
12,1788458156,8,44,100,47,0,100,49,0,100,7,8,1,3,3,70,58,3,256,60,958,0,2,53,66,2,10,2,2,0,3329,750,116,51,0,0,1249,2,4,5,1,0,16745,5,60,214,541,3,2,0,0,0,0,0,0,0,0,0,3,254,55,70,100,100,62,0,1,0,0,0,6,0,13622,100,0
12,1788458156,9,27,100,50,0,100,47,0,100,7,8,1,3,3,66,49,3,256,61,973,0,2,49,65,2,10,2,2,0,3329,666,116,80,0,0,1442,2,0,5,1,0,16713,5,60,90,712,3,2,0,0,0,0,0,0,0,0,0,3,255,55,64,100,100,62,0,1,0,0,0,6,0,13625,100,0
12,1788458156,10,30,100,48,0,100,48,0,100,7,8,1,3,3,63,38,3,256,61,973,0,2,48,64,14,37,2,2,0,3329,706,116,65,0,0,1353,2,0,5,1,0,16697,5,60,139,103,3,2,1,0,0,0,0,0,0,0,0,3,256,55,57,100,100,62,0,1,0,0,0,6,0,13690,100,0
13,147926629,1,12,50,77,32,93,67,0,100,6,8,1,2,5,71,75,3,256,7,142,0,0,62,73,15,39,0,0,0,3424,921,118,124,1,11,1705,2,1,3,0,1,17235,50,38,480,0,1,0,1,0,0,0,0,0,0,0,0,3,276,60,76,100,85,65,0,0,0,0,0,6,0,12583,100,0
13,147926629,2,18,54,67,0,100,67,0,100,7,8,1,2,3,54,75,3,256,15,265,0,1,65,82,15,39,1,1,0,3424,824,118,96,1,11,1676,2,0,6,0,1,17098,31,39,484,0,1,1,1,0,0,0,0,0,0,0,0,3,277,64,69,100,98,67,0,0,0,0,0,6,0,12547,100,0
13,147926629,3,25,82,58,0,100,64,0,100,7,8,0,1,3,71,75,3,256,24,400,0,1,59,80,2,10,1,1,0,3424,934,118,101,0,0,1438,2,0,6,0,1,16979,10,55,492,32,1,1,0,0,0,0,0,0,0,0,0,3,278,65,63,100,100,67,0,0,0,0,0,6,0,12628,100,0
13,147926629,4,43,98,46,0,100,53,0,100,7,8,0,2,3,66,54,3,256,33,535,0,1,61,72,10,16,1,1,0,3424,967,118,96,0,0,1238,2,38,6,0,1,16967,6,59,524,0,3,1,1,0,0,0,0,0,0,0,0,3,279,69,56,100,100,69,0,0,0,0,0,6,0,12565,100,0
13,147926629,5,31,71,46,0,100,50,0,100,6,8,0,3,3,57,59,3,256,42,670,0,1,50,66,2,10,1,1,0,3424,899,118,104,0,0,1194,2,75,6,0,1,16967,5,59,501,59,3,1,0,0,0,0,0,0,0,0,0,3,280,69,50,100,100,69,0,0,0,0,0,6,0,12566,100,0
13,147926629,6,18,58,52,0,100,54,0,100,7,8,0,2,3,64,70,3,256,49,764,0,1,46,63,2,10,1,1,0,3424,883,118,115,0,0,1127,2,170,6,0,1,16967,5,59,490,128,3,1,0,0,0,0,0,0,0,0,0,3,281,69,83,100,100,69,0,1,0,0,0,6,0,12645,100,0
13,147926629,7,23,71,53,0,100,54,0,100,7,8,1,3,3,70,66,3,256,58,896,0,1,53,61,2,10,1,1,0,3424,959,118,76,0,0,865,2,233,6,0,1,16937,10,61,544,74,3,1,0,0,0,0,0,0,0,0,0,3,282,69,77,100,100,69,0,1,0,0,0,6,0,12761,100,0
13,147926629,8,23,69,46,0,99,50,0,100,6,8,1,2,3,73,64,3,256,67,1023,0,2,49,59,15,39,2,2,0,3424,803,118,124,0,0,846,2,294,5,0,1,16906,10,58,592,26,3,2,1,0,0,0,0,0,0,0,0,3,283,72,70,100,100,71,0,1,0,0,0,6,0,12683,100,0
13,147926629,9,26,98,52,0,98,54,0,100,6,8,1,3,3,65,64,3,256,71,1070,0,2,54,85,2,10,2,2,0,3424,742,118,109,0,0,819,2,390,5,0,1,16850,9,58,618,0,3,2,0,0,0,0,0,0,0,0,0,3,284,72,64,100,100,71,0,1,0,0,0,6,0,12850,100,0
13,147926629,10,11,32,47,0,100,48,1,100,6,8,1,3,3,65,63,3,256,80,1205,0,2,36,54,2,10,2,2,0,3424,529,118,122,0,0,1188,2,424,5,0,1,16743,23,58,342,239,3,2,0,0,0,0,0,0,0,0,0,3,285,72,57,100,100,71,0,1,0,0,0,6,0,12939,100,0
14,2802362398,1,7,45,76,30,93,67,0,100,7,8,1,3,4,71,75,3,256,6,126,0,0,60,70,15,39,0,0,0,3271,956,118,92,1,11,1549,0,0,3,4,0,17247,56,44,480,0,1,0,1,0,0,0,0,0,0,0,0,3,273,40,76,100,85,55,0,0,0,0,0,6,0,12108,100,0
14,2802362398,2,14,65,72,0,100,66,0,100,6,8,1,3,3,54,75,3,256,14,253,0,1,62,71,15,39,1,1,0,3271,1018,118,96,7,43,1406,0,0,6,5,0,17094,16,54,434,46,1,1,1,0,0,0,0,0,0,0,0,3,274,46,69,100,98,57,0,0,0,0,0,6,0,12115,100,0
14,2802362398,3,39,100,50,0,100,61,0,100,7,8,0,1,3,68,69,3,256,23,388,0,1,62,78,2,10,1,1,0,3271,839,118,99,0,0,1366,0,16,6,5,0,16996,13,62,518,0,1,1,0,0,0,0,0,0,0,0,0,3,275,47,63,100,100,58,0,0,0,0,0,6,0,12130,100,0
14,2802362398,4,37,98,46,0,100,54,0,100,6,8,0,2,3,70,53,3,256,31,508,0,1,57,76,2,10,1,1,0,3271,902,118,103,0,0,1183,0,65,6,5,0,16948,14,62,518,0,1,1,0,0,0,0,0,0,0,0,0,3,276,51,56,100,100,60,0,0,0,0,0,6,0,12091,100,0
14,2802362398,5,39,98,46,0,100,52,0,100,6,8,0,2,3,57,50,3,256,40,652,0,1,56,76,2,10,1,1,0,3271,719,118,99,0,0,1219,0,106,6,5,0,16920,8,62,505,13,1,1,0,0,0,0,0,0,0,0,0,3,277,51,50,100,100,60,0,0,0,0,0,6,0,12063,100,0
14,2802362398,6,30,92,47,0,100,51,0,100,7,8,0,2,3,64,50,3,256,49,796,0,1,53,76,2,10,1,1,0,3271,903,118,96,0,0,1033,0,158,6,5,0,16904,9,62,379,283,1,1,0,0,0,0,0,0,0,0,0,3,278,51,83,100,100,60,0,1,0,0,0,6,0,12044,100,0
14,2802362398,7,39,92,46,0,100,51,0,100,7,8,0,2,3,71,50,3,256,59,956,0,1,55,70,2,10,1,1,0,3271,700,118,96,0,0,1031,0,200,6,5,0,16888,5,62,424,394,1,1,0,0,0,0,0,0,0,0,0,3,279,51,77,100,100,60,0,1,0,0,0,6,0,12046,100,0
14,2802362398,8,44,98,46,0,100,51,0,100,7,8,0,2,3,70,50,3,256,67,1084,0,1,56,74,2,10,1,1,0,3271,567,118,96,0,0,1074,0,233,6,5,0,16856,5,62,386,588,1,1,0,0,0,0,0,0,0,0,0,3,280,54,70,100,100,62,0,1,0,0,0,6,0,12062,100,0
14,2802362398,9,45,100,46,0,100,50,0,100,7,8,1,3,8,70,50,3,256,76,1228,0,1,56,74,2,10,1,1,0,3271,715,118,62,0,0,812,0,286,6,5,0,16856,5,62,356,774,1,1,0,0,0,0,0,0,0,0,0,3,281,54,64,100,100,62,0,1,0,0,0,6,0,12079,100,0
14,2802362398,10,46,100,45,0,99,46,0,100,6,8,1,4,80,66,26,3,256,85,1372,0,1,50,70,2,10,1,1,0,3271,597,118,124,0,0,625,0,339,6,5,0,16856,5,62,517,0,1,1,0,0,0,0,0,0,0,0,0,3,282,54,57,100,100,62,0,1,0,0,0,6,0,12066,100,0
15,1161830871,1,5,19,76,26,98,65,0,100,6,8,1,3,8,68,75,3,256,6,126,0,0,56,73,15,39,0,0,0,3343,901,118,129,1,11,1676,1,0,3,0,3,17246,62,40,480,0,1,0,1,0,0,0,0,0,0,0,0,3,221,44,76,100,85,57,0,0,0,0,0,6,0,12228,116,0
15,1161830871,2,21,63,68,0,100,64,0,100,6,8,0,1,3,55,76,3,256,14,247,0,1,61,70,11,27,1,1,0,3343,823,118,169,1,7,1629,1,0,6,0,3,17139,27,47,484,0,2,1,1,0,0,0,0,0,0,0,0,3,222,45,69,100,98,57,0,0,0,0,0,6,0,12167,116,0
15,1161830871,3,9,49,73,0,100,67,0,100,7,8,0,2,3,69,75,3,256,22,367,0,1,63,67,11,26,1,1,0,3343,994,118,96,1,7,1326,1,0,6,0,3,17073,13,51,496,0,2,1,1,0,0,0,0,0,0,0,0,3,223,49,63,100,100,59,0,0,0,0,0,6,0,12375,116,0
15,1161830871,4,8,38,77,0,100,67,0,100,7,8,0,1,3,67,75,3,256,31,502,0,1,62,78,11,26,1,1,0,3343,766,103,92,5,35,1434,1,0,6,0,3,16963,20,63,496,0,2,1,1,0,0,0,0,0,0,0,0,3,224,53,56,100,100,61,0,0,0,0,0,6,0,12617,116,0
15,1161830871,5,22,74,69,1,100,60,0,100,6,8,0,2,3,65,65,3,256,39,630,0,1,68,93,2,10,1,1,0,3343,828,118,109,0,0,1405,1,19,6,1,3,16868,13,63,304,237,2,1,1,0,0,0,0,0,0,0,0,3,225,55,50,100,100,62,0,0,0,0,0,6,0,12800,116,0
15,1161830871,6,13,55,63,0,100,58,1,100,6,8,1,3,3,65,75,3,256,45,719,0,1,62,77,2,10,1,1,0,3343,813,118,135,0,0,1288,1,69,6,1,3,16739,20,63,363,286,2,1,1,0,0,0,0,0,0,0,0,3,226,55,83,100,100,62,0,1,0,0,0,6,0,12978,116,0
15,1161830871,7,34,100,52,0,100,54,0,100,7,8,0,2,3,71,72,3,256,54,855,0,2,60,75,13,25,2,2,0,3343,899,208,106,7,38,834,2,71,5,1,3,16631,23,61,505,204,4,2,2,0,0,0,0,0,0,0,0,3,227,55,77,100,100,62,0,1,0,0,0,6,0,12801,116,0
15,1161830871,8,36,100,56,0,100,54,0,100,7,8,0,2,3,70,56,3,256,62,975,0,2,59,73,2,10,2,2,0,3343,821,208,52,0,0,758,2,42,5,1,3,16547,21,61,524,185,4,2,1,0,1,0,0,0,0,0,0,3,228,55,70,100,100,62,0,1,0,0,0,6,0,12769,116,0
15,1161830871,9,34,90,48,0,99,49,0,100,7,8,0,2,3,66,56,3,256,71,1101,0,2,47,57,2,10,2,2,0,3343,646,208,96,0,0,796,2,61,5,1,3,16506,16,61,550,159,4,2,0,0,0,0,0,0,0,0,0,3,229,58,64,100,100,64,0,1,0,0,0,6,0,12807,116,0
15,1161830871,10,33,80,48,0,100,47,0,100,6,8,0,1,3,63,42,3,256,74,1125,0,2,46,54,2,10,2,2,0,3343,538,208,120,0,0,1187,2,60,5,1,3,16474,17,61,243,26,4,2,0,0,0,0,0,0,0,0,0,3,230,58,57,100,100,64,0,1,0,0,0,6,0,12852,116,0
16,3816266640,1,6,24,78,34,98,67,0,100,6,8,1,3,17,69,75,3,256,7,142,0,0,59,74,15,39,0,0,0,3417,827,118,119,1,11,1808,2,0,3,2,1,17210,69,52,480,0,1,0,1,0,0,0,0,0,0,0,0,3,299,52,76,100,85,61,0,0,0,0,0,6,0,12283,100,0
16,3816266640,2,11,42,72,5,100,66,0,100,7,8,1,2,4,56,75,3,256,14,254,0,1,63,84,15,39,1,1,0,3417,1001,118,70,6,39,1522,2,0,6,2,1,17064,31,54,480,0,1,1,1,0,0,0,0,0,0,0,0,3,300,56,69,100,98,63,0,0,0,0,0,6,0,12281,100,0
16,3816266640,3,12,40,58,0,100,63,0,100,7,8,0,1,4,70,75,3,256,23,389,0,1,53,70,2,10,1,1,0,3417,912,118,93,0,0,1461,2,26,6,2,1,16940,36,58,480,0,1,1,0,0,0,0,0,0,0,0,0,3,301,57,63,100,100,63,0,0,0,0,0,6,0,12388,100,0
16,3816266640,4,38,100,47,1,100,57,0,100,7,8,0,2,4,68,69,3,256,32,524,0,1,55,70,2,10,1,1,0,3417,939,118,82,0,0,1314,2,13,6,2,1,16928,14,62,480,0,1,1,0,0,0,0,0,0,0,0,0,3,302,61,56,100,100,65,0,0,0,0,0,6,0,12416,100,0
16,3816266640,5,38,100,46,0,100,52,0,100,7,8,0,2,4,55,55,3,256,41,659,0,1,56,71,2,10,1,1,0,3417,1005,118,68,0,0,1113,2,50,6,2,1,16928,9,62,480,0,1,1,0,0,0,0,0,0,0,0,0,3,303,61,50,100,100,65,0,0,0,0,0,6,0,12380,100,0
16,3816266640,6,41,96,46,0,100,52,0,100,6,8,0,2,4,66,50,3,256,50,794,0,1,55,68,2,10,1,1,0,3417,972,118,95,0,0,1007,2,118,6,2,1,16928,5,62,484,12,1,1,0,0,0,0,0,0,0,0,0,3,304,61,83,100,100,65,0,1,0,0,0,6,0,12348,100,0
16,3816266640,7,35,100,46,0,100,50,0,100,7,8,1,3,4,72,51,3,256,59,938,0,1,53,74,2,10,1,1,0,3417,930,118,96,0,0,1013,2,159,6,2,1,16896,14,62,376,261,1,1,0,0,0,0,0,0,0,0,0,3,305,61,77,100,100,65,0,1,0,0,0,6,0,12333,100,0
16,3816266640,8,40,100,46,0,100,51,0,100,7,8,1,3,36,71,50,3,256,68,1082,0,1,56,74,2,10,1,1,0,3417,731,118,96,0,0,1029,2,185,6,2,1,16864,5,62,415,378,1,1,0,0,0,0,0,0,0,0,0,3,306,64,70,100,100,67,0,1,0,0,0,6,0,12343,100,0
16,3816266640,9,44,100,46,0,100,49,0,100,7,8,1,3,92,68,51,3,256,77,1226,0,1,54,72,2,10,1,1,0,3417,697,118,113,0,0,846,2,222,6,2,1,16848,5,62,488,461,1,1,0,0,0,0,0,0,0,0,0,3,307,64,64,100,100,67,0,1,0,0,0,6,0,12379,100,0
16,3816266640,10,36,98,46,0,100,46,0,100,7,8,1,4,100,64,50,3,256,85,1354,0,1,49,71,2,10,1,1,0,3417,743,118,76,0,0,716,2,258,6,2,1,16832,5,62,444,648,1,1,0,0,0,0,0,0,0,0,0,3,308,64,57,100,100,67,0,1,0,0,0,6,0,12416,100,0
17,2175735113,1,10,39,78,33,100,66,0,100,7,8,1,3,10,68,75,3,256,8,158,0,0,61,71,15,39,0,0,0,3463,996,118,100,1,11,1669,1,0,3,1,1,17256,46,47,480,0,1,0,1,0,0,0,0,0,0,0,0,3,247,50,76,100,85,60,0,0,0,0,0,6,0,12564,78,0
17,2175735113,2,14,61,64,4,100,63,0,100,7,8,1,2,4,55,69,3,256,15,264,0,1,59,69,15,39,1,1,0,3463,997,118,97,9,59,1535,1,0,6,1,1,17006,33,59,492,9,1,1,1,0,0,0,0,0,0,0,0,3,248,54,69,100,98,62,0,0,0,0,0,6,0,12527,78,0
17,2175735113,3,14,46,62,0,100,67,0,100,7,8,0,2,4,69,75,3,256,24,399,0,1,60,76,2,10,1,1,0,3463,985,118,96,0,0,1418,2,0,6,1,1,16888,27,62,501,0,1,1,0,0,0,0,0,0,0,0,0,3,249,55,63,100,100,62,0,0,0,0,0,6,0,12674,78,0
17,2175735113,4,35,100,46,0,100,56,0,100,7,8,0,1,4,67,62,3,256,32,519,0,1,57,74,2,10,1,1,0,3463,947,118,55,0,0,1339,2,28,6,1,1,16856,15,62,498,3,1,1,0,0,0,0,0,0,0,0,0,3,250,59,56,100,100,64,0,0,0,0,0,6,0,12653,78,0
17,2175735113,5,41,96,46,0,100,48,0,100,7,8,0,2,4,65,51,3,256,41,654,0,1,55,70,2,10,1,1,0,3463,812,118,68,0,0,1336,2,81,6,1,1,16856,11,62,501,0,1,1,0,0,0,0,0,0,0,0,0,3,251,59,50,100,100,64,0,0,0,0,0,6,0,12604,78,0
17,2175735113,6,40,100,45,0,98,48,0,100,7,8,0,2,16,65,50,3,256,49,774,0,1,54,73,2,10,1,1,0,3463,807,118,71,0,0,1222,2,114,6,1,1,16856,6,62,500,7,1,1,0,0,0,0,0,0,0,0,0,3,252,59,83,100,100,64,0,1,0,0,0,6,0,12558,78,0
17,2175735113,7,48,96,44,0,94,46,0,100,7,8,0,3,88,71,50,3,256,59,934,0,1,55,70,2,10,1,1,0,3463,815,118,62,0,0,1047,2,168,6,1,1,16856,5,62,507,0,1,1,0,0,0,0,0,0,0,0,0,3,253,59,77,100,100,64,0,1,0,0,0,6,0,12546,78,0
17,2175735113,8,54,96,28,0,90,48,0,100,7,8,0,2,100,70,28,3,256,67,1062,0,1,51,65,2,10,1,1,0,3463,831,118,35,0,0,993,2,221,6,1,1,16856,5,62,401,175,1,1,0,0,0,0,0,0,0,0,0,3,254,62,70,100,100,66,0,1,0,0,0,6,0,12398,78,0
17,2175735113,9,54,100,27,0,88,48,0,100,7,8,0,4,100,66,25,3,256,77,1222,0,1,48,65,2,10,1,1,0,3463,782,118,72,0,0,818,2,274,6,1,1,16800,5,62,481,147,1,1,0,0,0,0,0,0,0,0,0,3,255,62,64,100,100,66,0,1,0,0,0,6,0,12247,78,0
17,2175735113,10,57,100,27,0,86,46,0,100,7,8,2,5,100,63,24,3,256,86,1366,0,1,49,72,2,10,1,1,0,3463,856,118,46,0,0,775,2,316,6,1,1,16716,5,62,306,0,1,1,0,0,0,0,0,0,0,0,0,3,256,62,57,100,100,66,0,1,0,0,0,6,0,12141,78,0
18,535203586,1,11,50,74,31,99,66,0,100,7,8,1,3,6,70,74,3,256,7,142,0,1,61,68,15,39,1,1,0,3269,927,118,96,1,11,1560,1,0,6,0,1,17123,65,43,480,0,1,1,1,0,0,0,0,0,0,0,0,3,276,48,76,100,85,59,0,0,0,0,0,6,0,11803,78,0
18,535203586,2,24,75,69,0,100,63,0,100,6,8,1,2,4,71,73,3,256,15,262,0,1,64,79,15,39,1,1,0,3269,949,118,122,9,55,1403,1,0,6,1,1,17077,18,43,480,0,1,1,1,0,0,0,0,0,0,0,0,3,277,54,69,100,98,62,0,0,0,0,0,6,0,11973,78,0
18,535203586,3,39,100,50,0,100,60,0,100,6,8,0,2,4,68,70,3,256,24,397,0,1,59,78,2,10,1,1,0,3269,874,118,118,0,0,1356,1,15,6,1,1,16939,20,55,482,0,1,1,0,0,0,0,0,0,0,0,0,3,278,55,63,100,100,62,0,0,0,0,0,6,0,11958,78,0
18,535203586,4,38,100,46,0,100,54,0,100,7,8,0,2,4,69,51,3,256,32,517,0,1,57,77,2,10,1,1,0,3269,830,118,115,0,0,1277,1,48,6,1,1,16908,5,58,485,45,1,1,0,0,0,0,0,0,0,0,0,3,279,59,56,100,100,64,0,0,0,0,0,6,0,11921,78,0
18,535203586,5,39,100,46,0,100,50,0,100,7,8,0,1,4,56,50,3,256,40,637,0,1,55,77,2,10,1,1,0,3269,863,118,49,0,0,1254,1,84,6,1,1,16908,5,58,340,322,1,1,0,0,0,0,0,0,0,0,0,3,280,59,50,100,100,64,0,0,0,0,0,6,0,11886,78,0
18,535203586,6,37,100,46,0,100,46,0,100,7,8,0,2,4,63,45,3,256,49,772,0,1,49,77,2,10,1,1,0,3269,647,118,112,0,0,1319,1,130,6,1,1,16876,9,58,371,447,1,1,0,0,0,0,0,0,0,0,0,3,281,59,83,100,100,64,0,1,0,0,0,6,0,11847,78,0
18,535203586,7,42,100,46,0,100,47,0,100,7,8,0,2,4,73,50,3,256,57,900,0,1,52,76,2,10,1,1,0,3269,592,118,95,0,0,1101,1,168,6,1,1,16876,5,58,500,462,1,1,0,0,0,0,0,0,0,0,0,3,282,59,77,100,100,64,0,1,0,0,0,6,0,11847,78,0
18,535203586,8,42,100,45,0,100,46,0,100,7,8,1,3,83,69,49,3,256,67,1060,0,1,52,75,2,10,1,1,0,3269,667,118,52,0,0,938,1,191,6,1,1,16876,5,58,444,650,1,1,0,0,0,0,0,0,0,0,0,3,283,62,70,100,100,66,0,1,0,0,0,6,0,11834,78,0
18,535203586,9,61,100,29,0,99,46,0,100,7,8,1,4,100,69,17,3,256,75,1188,0,1,51,73,2,10,1,1,0,3269,674,118,49,0,0,743,1,227,6,1,1,16876,5,58,504,659,1,1,0,0,0,0,0,0,0,0,0,3,284,62,64,100,100,66,0,1,0,0,0,6,0,11706,78,0
18,535203586,10,48,100,29,0,96,46,0,100,7,8,1,3,100,65,7,3,256,84,1332,0,1,45,70,2,10,1,1,0,3269,809,118,59,0,0,518,1,264,6,1,1,16820,5,58,450,465,1,1,0,0,0,0,0,0,0,0,0,3,285,62,57,100,100,66,0,1,0,0,0,6,0,11610,78,0
19,3189639355,1,8,43,77,27,99,67,0,100,6,8,1,4,17,68,75,3,256,8,158,0,0,58,64,15,39,0,0,0,3457,887,118,163,1,11,1772,1,1,3,0,3,17228,66,45,480,0,1,0,1,0,0,0,0,0,0,0,0,3,273,56,76,100,85,63,0,0,0,0,0,6,0,12562,100,0
19,3189639355,2,9,39,76,0,100,65,0,100,6,8,1,2,4,55,75,3,256,16,286,0,0,60,76,15,39,0,0,0,3457,850,118,140,1,11,1661,2,0,3,0,3,17158,28,51,484,13,1,0,1,0,0,0,0,0,0,0,0,3,274,60,69,100,98,65,0,0,0,0,0,6,0,12792,100,0
19,3189639355,3,13,56,70,2,100,66,0,100,6,8,1,3,4,69,74,3,256,25,423,0,1,58,81,15,38,1,1,0,3457,937,118,169,8,51,1440,2,0,6,0,3,16978,17,52,497,0,1,1,1,0,0,0,0,0,0,0,0,3,275,62,63,100,100,66,0,0,0,0,0,6,0,12742,100,0
19,3189639355,4,11,26,62,0,100,65,0,100,6,8,0,2,4,67,75,3,256,33,543,0,1,56,62,10,15,1,1,0,3457,1041,118,113,0,0,1230,2,23,6,0,3,16838,20,61,468,94,2,1,1,0,0,0,0,0,0,0,0,3,276,65,56,100,100,67,0,0,0,0,0,6,0,12878,100,0
19,3189639355,5,32,68,58,0,100,66,0,100,7,8,0,2,4,65,76,3,256,42,678,0,1,64,82,10,15,1,1,0,3457,974,118,93,0,0,1085,2,0,6,0,3,16810,14,65,560,2,3,1,1,0,0,0,0,0,0,0,0,3,277,65,50,100,100,67,0,0,0,0,0,6,0,13035,100,0
19,3189639355,6,19,47,52,0,100,60,0,100,7,8,1,4,4,65,75,3,256,51,813,0,1,55,59,2,10,1,1,0,3457,1012,118,95,0,0,947,2,6,6,0,3,16752,23,65,525,37,3,1,0,0,0,0,0,0,0,0,0,3,278,65,83,100,100,67,0,1,0,0,0,6,0,13139,100,0
19,3189639355,7,22,64,48,0,100,58,0,100,7,8,1,4,4,71,75,3,256,58,903,0,1,53,62,2,10,1,1,0,3457,745,118,95,0,0,1233,2,52,6,0,3,16736,15,65,416,146,3,1,0,0,0,0,0,0,0,0,0,3,279,65,77,100,100,67,0,1,0,0,0,6,0,13304,100,0
19,3189639355,8,38,93,44,0,100,43,0,100,7,8,1,3,4,70,42,3,256,59,918,0,2,50,62,2,10,2,2,0,3457,726,118,88,0,0,1621,2,69,5,0,3,16720,11,62,32,626,3,2,0,0,0,0,0,0,0,0,0,3,280,65,70,100,100,67,0,1,0,0,0,6,0,13122,100,0
19,3189639355,9,28,100,47,0,100,49,0,100,7,8,1,2,4,66,46,3,256,59,918,0,2,47,58,2,10,2,2,0,3457,557,118,95,0,0,1670,2,17,5,0,3,16672,6,62,152,626,3,2,0,0,0,0,0,0,0,0,0,3,281,65,64,100,100,67,0,1,0,0,0,6,0,13161,100,0
19,3189639355,10,43,100,47,0,100,47,0,100,7,8,1,3,4,63,36,3,256,59,918,0,2,53,66,2,10,2,2,0,3457,535,118,55,0,0,1620,2,0,5,0,3,16616,10,62,224,0,3,2,0,0,0,0,0,0,0,0,0,3,282,65,57,100,100,67,0,1,0,0,0,6,0,13191,100,0
20,1549107828,1,11,53,77,29,100,67,0,100,7,8,1,3,16,69,75,3,256,7,142,0,0,63,75,15,39,0,0,0,3412,959,118,96,1,11,1655,2,0,3,0,2,17205,51,41,480,0,1,0,1,0,0,0,0,0,0,0,0,3,221,52,76,100,85,61,0,0,0,0,0,6,0,12408,100,0
20,1549107828,2,5,24,74,6,100,67,0,100,7,8,1,2,4,56,75,3,256,15,265,0,1,61,78,15,39,1,1,0,3412,901,118,96,1,11,1594,2,0,6,0,2,17031,36,41,492,27,1,1,1,0,0,0,0,0,0,0,0,3,222,56,69,100,98,63,0,0,0,0,0,6,0,12394,100,0
20,1549107828,3,12,50,65,0,100,65,0,100,6,8,0,3,4,70,75,3,256,23,385,0,1,60,67,2,10,1,1,0,3412,868,118,199,0,0,1465,2,0,6,0,2,16961,15,53,519,0,1,1,0,0,0,0,0,0,0,0,0,3,223,57,63,100,100,63,0,0,0,0,0,6,0,12557,100,0
20,1549107828,4,38,100,49,1,100,60,0,100,6,8,0,2,4,68,72,3,256,32,520,0,1,62,79,2,10,1,1,0,3412,832,118,134,0,0,1381,2,0,6,0,2,16892,9,53,519,0,1,1,0,0,0,0,0,0,0,0,0,3,224,61,56,100,100,65,0,0,0,0,0,6,0,12607,100,0
20,1549107828,5,35,98,47,0,100,54,0,100,6,8,0,2,4,55,53,3,256,41,664,0,1,58,76,2,10,1,1,0,3412,875,118,121,0,0,1194,2,40,6,0,2,16844,12,53,519,0,1,1,0,0,0,0,0,0,0,0,0,3,225,61,50,100,100,65,0,0,0,0,0,6,0,12560,100,0
20,1549107828,6,40,98,46,0,100,53,0,100,7,8,0,2,4,66,50,3,256,51,824,0,1,59,72,2,10,1,1,0,3412,909,118,95,0,0,1019,2,94,6,0,2,16844,5,53,500,75,1,1,0,0,0,0,0,0,0,0,0,3,226,61,83,100,100,65,0,1,0,0,0,6,0,12527,100,0
20,1549107828,7,30,100,46,0,100,52,0,100,7,8,0,2,49,72,50,3,256,60,968,0,1,53,78,2,10,1,1,0,3412,860,118,83,0,0,1043,2,147,6,0,2,16834,8,53,381,261,1,1,0,0,0,0,0,0,0,0,0,3,227,61,77,100,100,65,0,1,0,0,0,6,0,12507,100,0
20,1549107828,8,34,100,46,0,100,53,0,100,6,8,0,3,100,71,50,3,256,68,1096,0,1,54,77,2,10,1,1,0,3412,690,118,111,0,0,1062,2,167,6,0,2,16796,10,53,404,368,1,1,0,0,0,0,0,0,0,0,0,3,228,64,70,100,100,67,0,1,0,0,0,6,0,12511,100,0
20,1549107828,9,40,100,45,0,100,54,0,100,6,8,1,4,100,68,50,3,256,77,1240,0,1,57,74,2,10,1,1,0,3412,658,118,140,0,0,856,2,204,6,0,2,16796,5,53,498,429,1,1,0,0,0,0,0,0,0,0,0,3,229,64,64,100,100,67,0,1,0,0,0,6,0,12521,100,0
20,1549107828,10,37,100,45,0,97,54,0,100,6,8,1,4,100,64,50,3,256,86,1384,0,1,54,71,2,10,1,1,0,3412,696,118,118,0,0,631,2,240,6,0,2,16768,5,53,541,460,1,1,0,0,0,0,0,0,0,0,0,3,230,64,57,100,100,67,0,1,0,0,0,6,0,12557,100,0
21,4203543597,1,10,36,74,36,100,67,0,100,7,8,1,3,15,71,72,3,256,6,126,0,1,63,70,15,39,1,1,0,3502,1013,118,96,1,11,1723,1,0,2,2,2,17175,61,50,480,0,1,1,1,0,0,0,0,0,0,0,0,3,299,36,76,100,85,55,0,0,0,0,0,6,0,12328,100,0
21,4203543597,2,20,61,64,10,100,66,0,100,6,8,1,2,4,54,76,3,256,13,231,0,1,61,73,15,39,1,1,0,3502,1066,118,124,1,11,1550,1,0,6,2,3,17135,26,50,480,0,1,1,1,0,0,0,0,0,0,0,0,3,300,49,69,100,98,59,0,0,0,0,0,6,0,12514,100,0
21,4203543597,3,31,86,61,0,98,66,0,100,7,8,0,2,11,71,76,3,256,22,366,0,1,68,91,2,10,1,1,0,3502,1051,118,48,0,0,1441,1,6,6,2,3,17057,14,59,484,0,1,1,0,0,0,0,0,0,0,0,0,3,301,53,63,100,100,61,0,0,0,0,0,6,0,12669,100,0
21,4203543597,4,30,96,50,0,100,61,0,100,7,8,0,2,67,66,61,3,256,30,486,0,1,57,74,2,10,1,1,0,3502,792,118,96,0,0,1580,1,6,6,2,3,17007,7,61,484,0,1,1,0,0,0,0,0,0,0,0,0,3,302,54,56,100,100,62,0,0,0,0,0,6,0,12680,100,0
21,4203543597,5,34,100,46,0,100,52,0,100,7,8,0,2,100,57,53,3,256,38,606,0,1,57,75,2,10,1,1,0,3502,877,118,72,0,0,1360,1,62,6,2,3,16991,5,61,484,0,1,1,0,0,0,0,0,0,0,0,0,3,303,57,50,100,100,63,0,0,0,0,0,6,0,12638,100,0
21,4203543597,6,38,100,45,0,100,52,0,100,7,8,1,4,100,64,50,3,256,48,756,0,1,58,74,2,10,1,1,0,3502,814,118,76,0,0,1283,1,71,6,2,3,16963,5,61,489,0,1,1,0,0,0,0,0,0,0,0,0,3,304,57,83,100,100,63,0,1,0,0,0,6,0,12617,100,0
21,4203543597,7,33,100,44,0,97,52,0,100,7,8,1,3,100,70,50,3,256,56,884,0,1,56,72,2,10,1,1,0,3502,794,118,62,0,0,1175,1,123,6,2,3,16879,5,61,489,0,1,1,0,0,0,0,0,0,0,0,0,3,305,57,77,100,100,63,0,1,0,0,0,6,0,12600,100,0
21,4203543597,8,38,100,43,0,93,52,0,100,7,8,2,6,100,73,50,3,256,65,1028,0,1,56,69,2,10,1,1,0,3502,795,118,62,0,0,1011,1,144,6,2,3,16795,5,61,508,24,1,1,0,0,0,0,0,0,0,0,0,3,306,60,70,100,100,65,0,1,0,0,0,6,0,12587,100,0
21,4203543597,9,38,100,42,0,90,50,0,100,7,8,2,4,100,65,50,3,256,74,1172,0,1,53,67,2,10,1,1,0,3502,811,118,80,0,0,827,1,197,6,2,3,16739,5,61,532,0,1,1,0,0,0,0,0,0,0,0,0,3,307,60,64,100,100,65,0,1,0,0,0,6,0,12592,100,0
21,4203543597,10,42,100,41,0,87,47,0,100,7,8,2,5,100,65,50,3,256,83,1316,0,1,52,66,2,10,1,1,0,3502,829,118,101,0,0,665,1,239,6,2,3,16655,5,61,532,0,1,1,0,0,0,0,0,0,0,0,0,3,308,60,57,100,100,65,0,1,0,0,0,6,0,12597,100,0
22,2563012070,1,7,45,78,36,99,67,0,100,7,8,1,3,7,70,75,3,256,7,142,0,0,61,72,15,39,0,0,0,3341,958,118,100,1,11,1601,1,0,3,1,1,17223,56,41,480,0,1,0,1,0,0,0,0,0,0,0,0,3,247,50,76,100,85,60,0,0,0,0,0,6,0,12355,132,0
22,2563012070,2,14,64,76,8,100,66,0,100,6,8,1,1,3,56,75,3,256,16,286,0,0,65,78,15,39,0,0,0,3341,862,118,122,1,11,1553,1,0,3,1,1,17207,18,41,480,0,1,0,1,0,0,0,0,0,0,0,0,3,248,54,69,100,98,62,0,0,0,0,0,6,0,12589,132,0
22,2563012070,3,20,60,64,0,100,66,0,100,7,8,1,3,3,70,76,3,256,23,391,0,1,62,73,15,38,1,1,0,3341,982,118,92,1,11,1313,1,0,6,1,1,17047,11,39,480,0,1,1,1,0,0,0,0,0,0,0,0,3,249,55,63,100,100,62,0,0,0,0,0,6,0,12536,132,0
22,2563012070,4,36,100,59,0,100,66,0,100,7,8,0,2,18,69,68,3,256,32,526,0,1,65,93,2,10,1,1,0,3341,869,118,92,0,0,1306,1,0,6,1,1,16982,7,56,480,0,1,1,0,0,0,0,1,0,0,0,0,3,250,59,56,100,100,64,0,0,0,0,0,6,0,12598,132,0
22,2563012070,5,41,100,46,0,100,53,0,100,7,8,0,2,90,56,56,3,256,41,661,0,1,55,67,2,10,1,1,0,3341,927,118,93,0,0,1077,1,18,6,1,1,16966,5,58,516,11,1,1,0,0,0,0,1,0,0,0,0,3,251,59,50,100,100,64,0,0,0,0,0,6,0,12548,132,0
22,2563012070,6,40,100,46,0,100,52,0,100,7,8,1,4,100,63,56,3,256,50,796,0,1,55,69,2,10,1,1,0,3341,868,118,96,0,0,990,1,51,6,1,1,16938,5,58,527,0,1,1,0,0,0,0,1,0,0,0,0,3,252,59,83,100,100,64,0,1,0,0,0,6,0,12535,132,0
22,2563012070,7,40,100,46,0,100,53,0,100,7,8,1,4,100,62,55,3,256,59,940,0,1,56,70,2,10,1,1,0,3341,942,118,48,0,0,772,1,104,6,1,1,16854,5,58,527,0,1,1,0,0,0,0,1,0,0,0,0,3,253,59,77,100,100,64,0,1,0,0,0,6,0,12507,132,0
22,2563012070,8,38,100,46,0,100,53,0,100,6,8,1,3,100,72,50,3,256,68,1084,0,1,54,69,2,10,1,1,0,3341,722,118,138,0,0,861,1,140,6,1,1,16754,6,58,514,13,1,1,0,0,0,0,1,0,0,0,0,3,254,62,70,100,100,66,0,1,0,0,0,6,0,12480,132,0
22,2563012070,9,38,100,46,0,100,54,0,100,6,8,1,4,100,68,50,3,256,77,1228,0,1,53,64,2,10,1,1,0,3341,794,118,120,0,0,666,1,161,6,1,1,16698,5,58,493,159,1,1,0,0,0,0,1,0,0,0,0,3,255,62,64,100,100,66,0,1,0,0,0,6,0,12488,132,0
22,2563012070,10,40,100,45,0,100,52,0,100,6,8,1,3,100,64,50,3,256,86,1372,0,1,53,64,5,20,1,1,0,3341,797,118,123,1,6,480,1,201,6,1,1,16614,5,58,532,120,1,1,1,0,0,0,1,0,0,0,0,3,256,62,57,100,100,66,0,1,0,0,0,6,0,12504,132,0
23,922480543,1,8,32,79,31,97,66,0,100,6,8,1,3,11,69,75,3,256,8,158,0,0,61,77,15,39,0,0,0,3350,759,118,129,1,11,1793,3,1,3,0,1,17182,72,54,480,0,1,0,1,0,0,0,0,0,0,0,0,3,276,48,76,100,85,59,0,0,0,0,0,6,0,12001,100,0
23,922480543,2,11,29,73,3,100,64,0,100,6,8,1,2,4,56,75,3,256,15,265,0,1,61,81,15,39,1,1,0,3350,941,118,142,1,11,1500,4,0,6,0,1,17140,22,53,484,0,1,1,1,0,0,0,0,0,0,0,0,3,277,52,69,100,98,61,0,0,0,0,0,6,0,11986,100,0
23,922480543,3,12,39,71,0,100,67,0,100,7,8,1,2,4,70,75,3,256,23,385,0,1,63,78,15,38,1,1,0,3350,918,118,92,3,23,1403,4,0,6,1,1,17065,11,60,484,0,1,1,1,0,0,0,0,0,0,0,0,3,278,55,63,100,100,62,0,0,0,0,0,6,0,12144,100,0
23,922480543,4,7,33,73,4,100,66,0,100,7,8,1,3,4,68,74,3,256,31,505,0,1,60,70,19,51,1,1,0,3350,827,118,92,7,47,1352,4,0,6,1,1,17049,12,60,491,25,1,1,2,0,0,0,1,0,0,0,0,3,279,59,56,100,100,64,0,0,0,0,0,6,0,12276,100,0
23,922480543,5,28,86,64,0,100,61,0,100,6,8,1,3,4,55,70,3,256,40,640,0,1,59,78,15,38,1,1,0,3350,877,111,110,9,59,1164,4,16,6,1,1,17029,5,60,516,0,2,1,1,0,0,0,1,0,0,0,0,3,280,59,50,100,100,64,0,0,0,0,0,6,0,12431,100,0
23,922480543,6,21,66,53,0,100,55,0,100,6,8,0,2,4,66,70,3,256,49,775,0,1,40,72,2,10,1,1,0,3350,537,101,112,0,0,1524,4,28,6,1,1,16893,17,60,371,265,2,1,0,0,0,0,1,0,0,0,0,3,281,59,83,100,100,64,0,1,0,0,0,6,0,12502,100,0
23,922480543,7,46,99,46,0,100,46,0,100,7,8,0,2,4,72,50,3,256,56,809,0,1,51,62,2,10,1,1,0,3350,160,101,99,0,0,2090,4,26,6,1,1,16829,13,60,148,644,2,1,0,0,0,0,1,0,0,0,0,3,282,59,77,100,100,64,0,1,0,0,0,6,0,12529,100,0
23,922480543,8,49,100,47,0,100,46,0,100,7,8,2,5,4,71,50,3,256,62,825,0,1,53,63,2,10,1,1,0,3350,113,101,98,0,0,1949,4,0,6,1,1,16785,11,60,320,628,2,1,0,0,0,0,1,0,0,0,0,3,283,59,70,100,100,64,0,1,0,0,0,6,0,12447,100,0
23,922480543,9,49,100,47,0,100,46,0,100,7,8,2,6,60,68,50,3,256,64,834,0,1,53,61,2,10,1,1,0,3350,92,101,96,0,0,1805,4,0,6,1,1,16749,5,60,476,628,2,1,0,0,0,0,1,0,0,0,0,3,284,59,64,100,100,64,0,1,0,0,0,6,0,12384,100,0
23,922480543,10,49,100,47,0,99,46,0,100,7,8,2,6,100,64,41,3,256,67,852,0,1,53,61,2,10,1,1,0,3350,86,101,96,0,0,1789,4,0,6,1,1,16749,5,60,480,0,2,1,0,0,0,0,1,0,0,0,0,3,285,59,57,100,100,64,0,1,0,0,0,6,0,12341,100,0
24,3576916312,1,8,41,79,38,98,67,0,100,7,8,1,3,19,70,75,3,256,8,158,0,0,62,67,15,39,0,0,0,3468,948,118,96,1,11,1722,1,0,3,0,1,17246,67,48,480,0,1,0,1,0,0,0,0,0,0,0,0,3,273,48,76,100,85,59,0,0,0,0,0,6,0,12664,100,0
24,3576916312,2,22,68,68,0,100,63,0,100,7,8,1,1,4,71,75,3,256,15,268,0,1,61,82,15,39,1,1,0,3468,1135,118,95,1,11,1425,2,0,6,0,1,17080,26,50,480,0,1,1,1,0,0,0,0,0,0,0,0,3,274,52,69,100,98,61,0,0,0,0,0,6,0,12635,100,0
24,3576916312,3,38,98,56,0,100,61,0,100,6,8,0,2,7,68,73,3,256,24,403,0,1,60,82,2,10,1,1,0,3468,858,118,137,0,0,1560,2,13,6,0,1,16975,18,60,487,0,1,1,0,0,0,0,0,0,0,0,0,3,275,53,63,100,100,61,0,0,0,0,0,6,0,12693,100,0
24,3576916312,4,42,100,46,0,100,50,0,100,7,8,0,2,4,69,54,3,256,33,538,0,1,55,71,2,10,1,1,0,3468,985,118,101,0,0,1298,2,51,6,0,1,16947,11,62,487,0,1,1,0,0,0,0,0,0,0,0,0,3,276,57,56,100,100,63,0,0,0,0,0,6,0,12651,100,0
24,3576916312,5,39,100,46,0,100,51,0,100,6,8,0,1,4,56,51,3,256,42,682,0,1,54,75,2,10,1,1,0,3468,976,118,165,0,0,1163,2,73,6,0,1,16941,7,64,487,0,1,1,0,0,0,0,0,0,0,0,0,3,277,57,50,100,100,63,0,0,0,0,0,6,0,12620,100,0
24,3576916312,6,42,100,46,0,100,50,0,100,6,8,1,4,43,63,49,3,256,51,826,0,1,54,75,2,10,1,1,0,3468,916,118,128,0,0,1079,2,125,6,0,1,16925,5,64,487,0,1,1,0,0,0,0,0,0,0,0,0,3,278,57,83,100,100,63,0,1,0,0,0,6,0,12606,100,0
24,3576916312,7,42,100,46,0,100,48,0,100,6,8,1,4,100,73,49,3,256,60,970,0,1,53,77,2,10,1,1,0,3468,825,118,134,0,0,1009,2,185,6,0,1,16909,5,64,488,69,1,1,0,0,0,0,0,0,0,0,0,3,279,57,77,100,100,63,0,1,0,0,0,6,0,12600,100,0
24,3576916312,8,41,100,46,0,100,46,0,100,6,8,1,4,100,69,50,3,256,69,1114,0,1,50,74,2,10,1,1,0,3468,799,118,120,0,0,934,2,221,6,0,1,16825,5,64,461,163,1,1,0,0,0,0,0,0,0,0,0,3,280,60,70,100,100,65,0,1,0,0,0,6,0,12605,100,0
24,3576916312,9,36,100,45,0,98,47,0,100,7,8,1,3,100,69,50,3,256,78,1258,0,1,48,72,2,10,1,1,0,3468,793,118,75,0,0,746,2,227,6,0,1,16741,5,64,511,162,1,1,0,0,0,0,0,0,0,0,0,3,281,60,64,100,100,65,0,1,0,0,0,6,0,12622,100,0
24,3576916312,10,42,100,44,0,95,46,0,100,6,8,2,5,100,65,50,3,256,87,1402,0,1,48,71,2,10,1,1,0,3468,740,118,137,0,0,617,2,238,6,0,1,16685,5,64,533,148,1,1,0,0,0,0,0,0,0,0,0,3,282,60,57,100,100,65,0,1,0,0,0,6,0,12657,100,0
25,1936384785,1,8,39,78,32,100,65,0,100,7,8,1,3,16,69,75,3,256,8,158,0,0,63,70,15,39,0,0,0,3369,921,118,100,1,11,1650,1,0,3,0,0,17213,70,35,480,0,1,0,1,0,0,0,0,0,0,0,0,3,221,32,76,100,85,51,0,0,0,0,0,6,0,12075,100,0
25,1936384785,2,8,32,76,0,100,66,0,100,7,8,1,2,4,55,75,3,256,17,302,0,0,61,76,15,39,0,0,0,3369,905,118,100,1,11,1522,2,0,3,0,0,17159,26,41,480,0,1,0,1,0,0,0,0,0,0,0,0,3,222,36,69,100,98,53,0,0,0,0,0,6,0,12306,100,0
25,1936384785,3,9,29,77,2,100,62,0,100,7,8,1,3,4,69,73,3,256,24,410,0,1,59,81,15,38,1,1,0,3369,820,118,108,9,59,1483,2,0,6,0,0,17078,14,55,481,0,1,1,1,0,0,0,0,0,0,0,0,3,223,37,63,100,100,53,0,0,0,0,0,6,0,12287,100,0
25,1936384785,4,18,65,78,0,100,64,0,100,7,8,1,3,4,68,74,3,256,32,530,0,1,64,85,15,38,1,1,0,3369,1000,118,96,9,59,1160,2,0,6,1,0,17008,19,55,504,29,1,1,1,0,0,0,0,0,0,0,0,3,224,43,56,100,100,56,0,0,0,0,0,6,0,12482,100,0
25,1936384785,5,16,52,77,1,100,66,0,100,7,8,1,4,4,58,74,3,256,40,650,0,1,65,87,15,38,1,1,0,3369,789,118,96,7,43,1222,2,0,6,1,0,16892,20,55,533,0,1,1,1,0,0,0,0,0,0,0,0,3,225,43,50,100,100,56,0,0,0,0,0,6,0,12697,100,0
25,1936384785,6,25,72,74,0,100,66,0,100,7,8,0,2,4,62,75,3,256,49,785,0,1,67,87,15,38,1,1,0,3369,711,118,96,5,35,1197,2,0,6,1,0,16824,18,55,516,22,2,1,2,0,0,0,1,0,0,0,0,3,226,43,83,100,100,56,0,1,0,0,0,6,0,12867,100,0
25,1936384785,7,11,32,61,1,100,57,0,100,7,8,0,2,4,72,75,3,256,54,860,0,1,56,79,2,10,1,1,0,3369,792,103,103,0,0,1069,2,60,6,1,0,16708,35,55,488,103,3,1,1,0,0,0,1,0,0,0,0,3,227,43,77,100,100,56,0,1,0,0,0,6,0,12952,100,0
25,1936384785,8,40,100,47,0,100,52,0,100,6,8,0,2,4,71,69,3,256,64,1010,0,1,57,78,2,10,1,1,0,3369,893,103,134,0,0,884,2,29,6,1,0,16501,48,57,437,154,3,1,1,0,0,0,1,0,0,0,0,3,228,46,70,100,100,56,0,1,0,0,0,6,0,12926,100,0
25,1936384785,9,43,100,48,0,100,53,0,100,7,8,0,2,4,67,53,3,256,73,1154,0,1,60,75,2,10,1,1,0,3369,772,103,95,0,0,904,2,21,6,1,0,16397,16,57,394,209,3,1,1,0,0,0,1,0,0,0,0,3,229,46,64,100,100,58,0,1,0,0,0,6,0,12882,100,0
25,1936384785,10,48,100,48,0,100,51,0,100,7,8,0,2,4,67,42,3,256,81,1282,0,1,60,76,2,10,1,1,0,3369,877,103,51,0,0,712,2,26,6,1,0,16283,30,57,353,123,3,1,1,0,0,0,1,0,0,0,0,3,230,46,57,100,100,58,0,1,0,0,0,6,0,12859,100,0
26,295853258,1,8,31,75,20,100,65,0,100,7,8,1,3,19,71,75,3,256,7,142,0,0,57,65,15,39,0,0,0,3459,975,118,104,1,11,1702,0,0,3,2,2,17266,48,38,480,0,1,0,1,0,0,0,0,0,0,0,0,3,250,44,76,100,85,57,0,0,0,0,0,6,0,12390,100,0
26,295853258,2,24,79,64,0,100,65,0,100,7,8,1,2,4,54,75,3,256,14,249,0,1,65,81,15,39,1,1,0,3459,1030,118,54,8,51,1501,0,0,6,3,2,17127,21,33,504,12,1,1,1,0,0,0,0,0,0,0,0,3,251,47,69,100,98,58,0,0,0,0,0,6,0,12341,100,0
26,295853258,3,18,63,60,0,100,61,0,100,7,8,1,3,4,68,69,3,256,23,384,0,1,51,73,15,38,1,1,0,3459,965,85,96,9,59,1475,0,0,6,3,2,17055,11,47,508,10,1,1,1,0,0,0,1,0,0,0,0,3,252,51,63,100,100,60,0,0,0,0,0,6,0,12469,100,0
26,295853258,4,37,88,60,0,100,59,0,100,7,8,1,2,4,70,50,3,256,32,519,0,1,59,88,15,38,1,1,0,3459,836,111,71,9,59,1439,0,0,6,3,2,17013,5,53,512,26,1,1,1,0,0,0,2,0,0,0,0,3,253,55,56,100,100,62,0,0,0,0,0,6,0,12539,100,0
26,295853258,5,28,73,50,0,91,57,0,100,7,8,0,2,15,57,57,3,256,40,639,0,1,54,73,2,10,1,1,0,3459,891,45,48,0,0,1678,0,18,6,3,2,16998,8,54,164,457,2,1,0,0,0,0,2,0,0,0,0,3,254,55,50,100,100,62,0,0,0,0,0,6,0,12577,100,0
26,295853258,6,37,100,35,0,84,49,0,100,7,8,1,3,4,64,56,3,256,49,774,0,1,45,66,10,16,1,1,0,3459,808,45,64,0,0,1437,0,0,6,3,2,16998,5,54,353,424,4,1,1,0,0,0,2,0,0,0,0,3,255,55,83,100,100,62,0,1,0,0,0,6,0,12494,100,0
26,295853258,7,37,100,34,0,82,47,0,100,7,8,2,4,4,71,50,3,256,58,909,0,1,46,65,14,25,1,1,0,3459,792,45,64,0,0,1191,0,0,6,3,2,16998,5,54,480,424,4,1,1,0,0,0,3,0,0,0,0,3,256,55,77,100,100,62,0,1,0,0,0,6,0,12421,100,0
26,295853258,8,45,100,34,0,80,48,0,100,7,8,2,4,4,70,53,3,256,67,1043,0,1,51,65,2,10,1,1,0,3459,842,45,58,0,0,1024,0,7,6,3,2,16998,5,54,463,441,4,1,0,0,0,0,3,0,0,0,0,3,257,58,70,100,100,64,0,1,0,0,0,6,0,12355,100,0
26,295853258,9,49,100,36,0,81,46,0,100,7,8,2,4,4,70,37,3,256,76,1187,0,1,53,74,2,10,1,1,0,3459,704,45,56,0,0,1028,0,18,6,3,2,16992,5,56,453,487,4,1,0,0,0,0,3,0,0,0,0,3,258,58,64,100,100,64,0,1,0,0,0,6,0,12273,100,0
26,295853258,10,44,99,38,0,84,46,0,100,7,8,4,6,4,66,23,3,256,84,1315,0,1,50,74,2,10,1,1,0,3459,636,45,73,0,0,1195,0,24,6,3,2,16986,5,54,226,0,4,1,0,0,0,0,3,0,0,0,0,3,259,58,57,100,100,64,0,1,0,0,0,6,0,12174,100,0
27,2950289027,1,8,39,77,28,100,67,3,100,7,8,1,2,2,71,75,3,256,8,158,0,0,62,73,15,39,0,0,0,3476,866,118,96,1,11,1796,0,0,3,2,0,17204,65,51,480,0,1,0,1,0,0,0,0,0,0,0,0,3,247,36,76,100,85,53,0,0,0,0,0,6,0,12353,132,0
27,2950289027,2,5,26,77,4,100,66,0,100,6,8,1,3,2,54,75,3,256,17,302,0,0,60,71,15,39,0,0,0,3476,867,118,121,1,11,1651,1,0,3,2,1,17132,30,57,480,0,1,0,1,0,0,0,0,0,0,0,0,3,248,44,69,100,98,57,0,0,0,0,0,6,0,12613,132,0
27,2950289027,3,12,59,78,1,100,67,0,100,7,8,1,3,2,71,75,3,256,25,430,0,0,66,81,15,39,0,0,0,3476,965,103,96,1,11,1440,1,0,3,2,1,17061,15,60,480,0,1,0,1,0,0,0,0,0,0,0,0,3,249,45,63,100,100,57,0,0,0,0,0,6,0,12865,132,0
27,2950289027,4,7,30,79,4,100,67,0,100,7,8,1,4,2,66,75,3,256,35,590,0,0,64,84,15,38,0,0,0,3476,943,118,96,1,11,1303,1,0,3,2,1,16995,14,60,480,0,1,0,1,0,0,0,0,0,0,0,0,3,250,49,56,100,100,59,0,0,0,0,0,6,0,13109,132,0
27,2950289027,5,11,58,79,0,100,66,0,100,7,8,1,3,2,57,75,3,256,43,718,0,0,65,78,15,38,0,0,0,3476,876,118,96,1,11,1201,1,0,3,2,1,16953,7,60,505,0,1,0,1,0,0,0,0,0,0,0,0,3,251,49,50,100,100,59,0,0,0,0,0,6,0,13364,132,0
27,2950289027,6,17,72,66,0,100,57,1,100,6,8,0,2,2,64,75,3,256,49,813,0,1,57,75,17,31,1,1,0,3476,804,208,135,3,10,1477,1,29,6,2,1,16859,11,61,132,440,2,1,2,0,0,0,0,0,0,0,0,3,252,49,83,100,100,59,0,1,0,0,0,6,0,13344,132,0
27,2950289027,7,8,20,71,4,100,55,0,100,7,8,0,3,2,70,55,3,256,51,843,0,1,61,84,13,25,1,1,0,3476,867,210,112,2,8,1396,1,45,6,2,1,16821,15,63,118,610,3,1,1,0,0,0,0,0,0,0,0,3,253,49,77,100,100,59,0,1,0,0,0,6,0,13522,132,0
27,2950289027,8,7,28,73,11,100,61,0,100,7,8,0,2,2,73,55,3,256,60,953,0,1,61,71,13,25,1,1,0,3476,969,208,104,2,8,808,1,81,6,2,1,16686,34,63,496,376,3,1,1,0,0,0,0,0,0,0,0,3,254,49,70,100,100,59,0,1,0,0,0,6,0,13741,132,0
27,2950289027,9,14,73,73,0,100,57,1,100,7,8,2,4,2,65,59,3,256,69,1097,0,1,63,77,17,25,1,1,0,3476,1001,208,105,5,22,611,1,125,6,2,1,16606,34,63,517,355,3,1,1,0,0,0,0,0,0,0,0,3,255,52,64,100,100,61,0,1,0,0,0,6,0,13980,132,0
27,2950289027,10,6,23,76,5,100,62,1,100,6,8,0,2,2,65,50,3,256,76,1209,0,1,57,69,12,25,1,1,0,3476,868,208,160,2,8,632,2,190,6,2,1,16528,19,63,517,0,3,1,1,0,0,0,0,0,0,0,0,3,256,52,57,100,100,61,0,1,0,0,0,6,0,14215,132,0
28,1309757500,1,7,43,80,45,99,64,0,100,6,8,1,3,16,71,75,3,256,8,158,0,0,64,81,15,39,0,0,0,3411,881,118,133,1,11,1732,0,0,3,1,0,17277,49,45,480,0,1,0,1,0,0,0,0,0,0,0,0,3,276,34,76,100,85,52,0,0,0,0,0,6,0,12360,132,0
28,1309757500,2,5,20,76,2,100,65,0,100,7,8,1,2,4,54,75,3,256,16,286,0,0,61,70,15,39,0,0,0,3411,998,118,106,1,11,1487,0,0,3,1,0,17237,27,49,480,0,1,0,1,0,0,0,0,0,0,0,0,3,277,38,69,100,98,54,0,0,0,0,0,6,0,12582,132,0
28,1309757500,3,7,34,75,5,100,67,0,100,7,8,1,3,4,71,75,3,256,23,392,0,1,64,69,15,38,1,1,0,3411,956,118,92,1,11,1421,0,0,6,1,0,17037,21,64,482,0,1,1,1,0,0,0,0,0,0,0,0,3,278,39,63,100,100,54,0,0,0,0,0,6,0,12539,132,0
28,1309757500,4,12,69,76,1,100,66,0,100,7,8,1,3,4,66,75,3,256,32,527,0,1,64,74,15,38,1,1,0,3411,989,118,100,1,11,1253,0,0,6,1,0,16999,9,64,482,0,1,1,1,0,0,0,0,0,0,0,0,3,279,43,56,100,100,56,0,0,0,0,0,6,0,12760,132,0
28,1309757500,5,7,30,79,2,100,67,0,100,6,8,1,3,4,57,75,3,256,41,662,0,1,63,84,15,38,1,1,0,3411,784,103,126,1,11,1338,0,0,6,1,0,16943,5,64,482,0,1,1,1,0,0,0,0,0,0,0,0,3,280,43,50,100,100,56,0,0,0,0,0,6,0,13007,132,0
28,1309757500,6,19,96,75,2,100,64,1,100,7,8,0,2,4,64,70,3,256,49,782,0,1,64,91,15,39,1,1,0,3411,777,118,108,1,11,1210,0,0,6,2,0,16909,5,64,482,0,3,1,2,0,0,0,0,0,0,0,0,3,281,45,83,100,100,57,0,1,0,0,0,6,0,13218,132,0
28,1309757500,7,13,54,72,3,100,60,0,100,7,8,0,2,4,70,75,3,256,55,878,0,1,64,85,2,10,1,1,0,3411,729,118,96,0,0,1335,0,60,6,2,0,16731,35,64,309,173,3,1,1,0,0,0,0,0,0,0,0,3,282,45,77,100,100,57,0,1,0,0,0,6,0,13374,132,0
28,1309757500,8,38,100,52,0,100,52,0,100,7,8,0,2,4,73,60,3,256,64,1022,0,1,60,84,13,25,1,1,0,3411,717,132,96,5,22,1450,0,47,6,2,0,16628,23,64,32,450,4,1,2,0,0,0,0,0,0,0,0,3,283,48,70,100,100,59,0,1,0,0,0,6,0,13398,132,0
28,1309757500,9,43,100,48,0,100,51,0,100,7,8,1,2,4,65,31,3,256,73,1166,0,1,62,86,2,10,1,1,0,3411,751,118,96,0,0,1258,0,41,6,2,0,16524,28,64,76,406,4,1,1,0,0,0,0,0,0,0,0,3,284,48,64,100,100,59,0,1,0,0,0,6,0,13371,132,0
28,1309757500,10,24,87,53,0,97,52,0,100,7,8,1,2,4,65,21,3,256,81,1294,0,1,45,57,2,10,1,1,0,3411,676,118,86,0,0,1206,0,104,6,2,0,16508,19,64,59,231,4,1,0,0,0,0,0,0,0,0,0,3,285,48,57,100,100,59,0,1,0,0,0,6,0,13405,132,0
29,3964193269,1,13,56,74,20,100,65,0,100,6,8,1,4,15,71,75,3,256,8,158,0,0,63,72,15,39,0,0,0,3176,934,118,125,1,11,1428,1,2,3,1,0,17269,51,41,480,0,1,0,1,0,0,0,0,0,0,0,0,3,273,46,76,100,85,58,0,0,0,0,0,6,0,12176,78,0
29,3964193269,2,30,100,59,0,99,65,3,100,7,8,0,0,14,54,66,3,256,16,280,0,1,65,97,2,10,1,1,0,3176,995,118,92,0,0,1261,1,0,6,1,0,17081,22,53,480,0,1,1,0,0,0,0,0,0,0,0,0,3,274,50,69,100,98,60,0,0,0,0,0,6,0,12083,78,0
29,3964193269,3,35,97,46,0,100,57,0,100,7,8,0,3,4,68,56,3,256,25,415,0,1,55,75,2,10,1,1,0,3176,750,118,96,0,0,1355,1,19,6,1,0,17006,22,58,496,25,1,1,0,0,0,0,0,0,0,0,0,3,275,52,63,100,100,61,0,0,0,0,0,6,0,12029,78,0
29,3964193269,4,38,96,44,0,99,53,0,100,7,8,0,2,4,70,51,3,256,34,550,0,1,57,73,2,10,1,1,0,3176,818,118,49,0,0,1127,1,73,6,1,0,17006,7,58,521,0,1,1,0,0,0,0,0,0,0,0,0,3,276,55,56,100,100,62,0,0,0,0,0,6,0,11979,78,0
29,3964193269,5,44,100,43,0,96,48,0,100,7,8,0,1,4,57,51,3,256,42,678,0,1,54,74,2,10,1,1,0,3176,837,118,66,0,0,964,1,110,6,1,0,17006,5,58,521,0,1,1,0,0,0,0,0,0,0,0,0,3,277,55,50,100,100,62,0,0,0,0,0,6,0,11922,78,0
29,3964193269,6,43,92,42,0,93,48,0,100,7,8,1,3,4,64,50,3,256,51,822,0,1,52,69,2,10,1,1,0,3176,818,118,88,0,0,876,1,162,6,1,0,17006,5,58,500,56,1,1,0,0,0,0,0,0,0,0,0,3,278,55,83,100,100,62,0,1,0,0,0,6,0,11878,78,0
29,3964193269,7,61,100,26,0,81,46,0,100,7,8,1,3,13,71,29,3,256,60,966,0,1,52,69,2,10,1,1,0,3176,860,118,42,0,0,761,1,200,6,1,0,17006,5,58,429,175,1,1,0,0,0,0,0,0,0,0,0,3,279,55,77,100,100,62,0,1,0,0,0,6,0,11752,78,0
29,3964193269,8,54,100,26,0,78,47,0,100,7,8,1,4,91,70,25,3,256,69,1110,0,1,48,68,2,10,1,1,0,3176,818,118,24,0,0,608,1,255,6,1,0,17006,5,58,480,171,1,1,0,0,0,0,0,0,0,0,0,3,280,58,70,100,100,64,0,1,0,0,0,6,0,11608,78,0
29,3964193269,9,61,100,26,0,78,46,0,100,7,8,2,5,100,70,26,3,256,78,1254,0,1,50,66,2,10,1,1,0,3176,836,118,40,0,0,430,1,292,6,1,0,17006,5,58,496,172,1,1,0,0,0,0,0,0,0,0,0,3,281,58,64,100,100,64,0,1,0,0,0,6,0,11480,78,0
29,3964193269,10,56,100,26,0,78,46,0,100,7,8,2,6,100,66,27,3,256,87,1398,0,1,47,64,2,10,1,1,0,3176,847,118,32,0,0,274,1,329,6,1,0,16894,5,58,497,0,1,1,0,0,0,0,0,0,0,0,0,3,282,58,57,100,100,64,0,1,0,0,0,6,0,11388,78,0
30,2323661742,1,12,40,73,26,100,67,0,100,7,8,1,3,9,71,73,3,256,7,142,0,1,61,68,15,39,1,1,0,3487,983,118,100,1,11,1722,1,0,2,1,1,17169,72,42,480,0,1,1,1,0,0,0,0,0,0,0,0,3,221,50,76,100,85,60,0,0,0,0,0,6,0,12439,100,0
30,2323661742,2,7,30,69,3,100,67,0,100,6,8,1,2,4,54,75,3,256,15,262,0,1,60,70,15,39,1,1,0,3487,837,103,114,1,11,1732,1,0,6,1,1,17072,42,54,511,0,1,1,1,0,0,0,0,0,0,0,0,3,222,54,69,100,98,61,0,0,0,0,0,6,0,12643,100,0
30,2323661742,3,20,57,66,0,100,64,0,100,6,8,1,3,4,71,75,3,256,23,382,0,1,64,78,15,38,1,1,0,3487,967,118,136,9,59,1467,1,0,6,1,1,16994,16,59,511,0,1,1,1,0,0,0,0,0,0,0,0,3,223,55,63,100,100,62,0,0,0,0,0,6,0,12846,100,0
30,2323661742,4,18,58,60,0,100,66,0,100,7,8,0,2,4,66,75,3,256,32,517,0,1,62,70,2,10,1,1,0,3487,896,118,96,0,0,1403,1,0,6,1,1,16936,15,59,511,0,1,1,0,0,0,0,0,0,0,0,0,3,224,59,56,100,100,64,0,0,0,0,0,6,0,13000,100,0
30,2323661742,5,33,80,53,0,100,64,0,100,6,8,0,2,4,57,74,3,256,40,645,0,1,57,69,2,10,1,1,0,3487,955,118,118,0,0,1216,1,0,6,1,1,16911,11,62,511,0,1,1,0,0,0,0,0,0,0,0,0,3,225,59,50,100,100,64,0,0,0,0,0,6,0,13131,100,0
30,2323661742,6,47,100,45,0,100,48,0,100,6,8,0,2,4,64,54,3,256,49,789,0,1,54,74,10,15,1,1,0,3487,883,118,134,0,0,1144,1,42,6,1,1,16908,6,63,511,0,3,1,1,0,0,0,0,0,0,0,0,3,226,59,83,100,100,64,0,1,0,0,0,6,0,13080,100,0
30,2323661742,7,46,99,45,0,100,46,0,100,7,8,1,3,4,70,40,3,256,57,917,0,1,52,69,14,25,1,1,0,3487,839,118,104,0,0,1044,1,79,6,1,1,16908,5,63,511,0,3,1,1,0,0,0,2,0,0,0,0,3,227,59,77,100,100,64,0,1,0,0,0,6,0,13004,100,0
30,2323661742,8,48,100,44,0,100,46,0,100,7,8,1,3,4,73,32,3,256,67,1077,0,1,52,69,14,25,1,1,0,3487,741,118,106,0,0,998,1,122,6,1,1,16908,5,63,511,0,3,1,1,0,1,0,2,0,0,0,0,3,228,62,70,100,100,66,0,1,0,0,0,6,0,12939,100,0
30,2323661742,9,19,40,44,0,100,49,0,100,7,8,1,3,4,65,52,3,256,74,1179,0,1,40,65,2,10,1,1,0,3487,863,118,83,0,0,792,1,163,6,1,1,16892,9,63,493,67,3,1,0,0,0,0,2,0,0,0,0,3,229,62,64,100,100,66,0,1,0,0,0,6,0,13006,100,0
30,2323661742,10,30,67,45,0,100,46,0,100,7,8,1,3,4,65,63,3,256,80,1235,0,1,47,65,2,10,1,1,0,3487,825,118,76,0,0,722,1,214,6,1,1,16860,10,63,545,15,3,1,0,0,0,0,2,0,0,0,0,3,230,62,57,100,100,66,0,1,0,0,0,6,0,13163,100,0
31,683130215,1,9,47,78,30,99,66,0,100,6,8,1,3,10,68,75,3,256,7,142,0,0,61,69,15,39,0,0,0,3330,927,118,117,1,11,1621,1,0,3,2,0,17224,59,40,480,0,1,0,1,0,0,0,0,0,0,0,0,3,250,48,76,100,85,59,0,0,0,0,0,6,0,12374,100,0
31,683130215,2,12,48,65,1,100,65,0,100,7,8,1,2,4,55,75,3,256,15,264,0,1,56,64,15,39,1,1,0,3330,1032,118,103,1,11,1394,1,7,6,2,0,17127,21,41,480,0,1,1,1,0,0,0,0,0,0,0,0,3,251,52,69,100,98,60,0,0,0,0,0,6,0,12351,100,0
31,683130215,3,27,100,62,0,100,66,0,100,7,8,1,3,4,69,61,3,256,23,384,0,1,60,68,15,39,1,1,0,3330,966,56,96,9,59,1402,1,0,6,2,0,17079,11,55,480,0,1,1,1,0,0,0,1,0,0,0,0,3,252,53,63,100,100,61,0,0,0,0,0,6,0,12489,100,0
31,683130215,4,39,100,50,0,100,60,0,100,6,8,1,4,70,67,56,3,256,32,519,0,1,58,71,2,10,1,1,0,3330,821,46,125,0,0,1422,1,0,6,2,0,17047,5,57,480,0,1,1,0,0,0,0,1,0,0,0,0,3,253,57,56,100,100,63,0,0,0,0,0,6,0,12502,100,0
31,683130215,5,38,100,46,0,100,54,0,100,6,8,1,4,100,65,55,3,256,41,663,0,1,58,71,2,10,1,1,0,3330,877,46,115,0,0,1222,1,55,6,2,0,17003,5,59,480,0,1,1,0,0,0,0,1,0,0,0,0,3,254,57,50,100,100,63,0,0,0,0,0,6,0,12472,100,0
31,683130215,6,32,100,45,0,98,53,0,100,7,8,2,5,100,65,51,3,256,50,807,0,1,54,68,2,10,1,1,0,3330,777,46,97,0,0,1170,1,107,6,2,0,16947,5,59,488,39,1,1,0,0,0,0,1,0,0,0,0,3,255,57,83,100,100,63,0,1,0,0,0,6,0,12451,100,0
31,683130215,7,43,100,44,0,95,52,0,100,6,8,2,4,100,71,54,3,256,58,935,0,1,57,73,2,10,1,1,0,3330,821,46,126,0,0,959,1,111,6,2,0,16863,5,59,527,0,1,1,0,0,0,0,1,0,0,0,0,3,256,57,77,100,100,63,0,1,0,0,0,6,0,12449,100,0
31,683130215,8,44,100,43,0,91,50,0,100,7,8,2,5,100,70,50,3,256,67,1079,0,1,55,64,2,10,1,1,0,3330,794,46,97,0,0,842,1,159,6,2,0,16779,5,59,527,0,1,1,0,0,0,0,1,0,0,0,0,3,257,60,70,100,100,65,0,1,0,0,0,6,0,12431,100,0
31,683130215,9,45,100,42,0,88,49,0,100,7,8,2,4,100,66,49,3,256,76,1223,0,1,53,60,2,10,1,1,0,3330,747,46,94,0,0,729,1,203,6,2,0,16723,5,59,527,0,1,1,0,0,0,0,1,0,0,0,0,3,258,60,64,100,100,65,0,1,0,0,0,6,0,12434,100,0
31,683130215,10,37,100,41,0,85,48,0,100,7,8,2,4,100,63,50,3,256,85,1367,0,1,48,59,2,10,1,1,0,3330,622,46,95,0,0,726,1,224,6,2,0,16667,5,59,527,0,1,1,0,0,0,0,1,0,0,0,0,3,259,60,57,100,100,65,0,1,0,0,0,6,0,12460,100,0
32,3337565984,1,6,40,79,34,99,66,0,100,6,8,1,3,3,68,75,3,256,8,158,0,0,61,64,15,39,0,0,0,3319,858,118,123,1,11,1663,1,14,3,0,2,17249,50,51,480,0,1,0,1,0,0,0,0,0,0,0,0,3,247,52,76,100,85,61,0,0,0,0,0,6,0,12274,132,0
32,3337565984,2,14,60,74,15,100,67,0,100,7,8,1,2,3,55,74,3,256,16,285,0,1,65,76,15,39,1,1,0,3319,838,118,100,1,11,1556,1,0,2,0,2,17070,30,53,480,0,1,1,1,0,0,0,0,0,0,0,0,3,248,56,69,100,98,63,0,0,0,0,0,6,0,12281,132,0
32,3337565984,3,6,33,74,0,100,65,0,100,6,8,1,4,3,69,75,3,256,23,390,0,1,59,70,15,38,1,1,0,3319,801,118,130,1,11,1473,1,11,6,0,2,16994,12,63,480,0,1,1,1,0,0,0,0,0,0,0,0,3,249,57,63,100,100,63,0,0,0,0,0,6,0,12484,132,0
32,3337565984,4,12,48,77,6,100,67,0,100,6,8,1,3,3,67,75,3,256,33,540,0,1,64,80,19,50,1,1,0,3319,824,118,146,1,11,1299,1,0,6,0,2,16922,21,63,496,28,2,1,2,0,0,0,0,0,0,0,0,3,250,61,56,100,100,65,0,0,0,0,0,6,0,12722,132,0
32,3337565984,5,16,41,77,0,100,65,0,100,7,8,1,3,3,65,75,3,256,41,660,0,1,65,78,19,50,1,1,0,3319,768,118,93,1,11,1192,1,0,6,1,2,16898,5,63,524,0,2,1,2,0,0,0,0,0,0,0,0,3,251,63,50,100,100,66,0,0,0,0,0,6,0,12950,132,0
32,3337565984,6,11,40,68,10,100,59,1,100,6,8,0,3,3,65,75,3,256,48,745,20,1,60,84,2,10,2,2,0,3319,575,108,117,0,0,1503,1,49,5,1,2,16792,20,62,345,203,3,2,1,0,0,0,0,0,0,0,0,3,252,58,83,93,100,66,0,1,0,0,0,6,0,13073,132,0
32,3337565984,7,19,52,55,1,100,53,0,100,6,8,0,2,3,71,75,3,256,57,886,0,2,56,73,2,10,2,2,0,3319,971,108,132,0,0,1204,1,96,5,1,2,16680,25,61,108,440,3,2,1,0,0,0,0,0,0,0,0,3,253,63,77,100,100,66,0,1,0,0,0,6,0,12980,132,0
32,3337565984,8,49,100,47,0,100,44,0,100,7,8,0,1,3,70,61,3,256,66,1021,0,2,61,80,9,25,2,2,0,3319,884,118,114,9,32,978,1,99,5,1,2,16614,18,61,276,272,4,2,1,0,0,0,0,0,0,0,0,3,254,66,70,100,100,68,0,1,0,0,0,6,0,12929,132,0
32,3337565984,9,21,71,53,1,100,48,0,100,7,8,0,2,3,66,47,3,256,74,1128,0,2,47,65,2,10,2,2,0,3319,806,108,96,0,0,1233,1,123,5,1,2,16555,16,61,2,546,4,2,0,0,0,0,0,0,0,0,0,3,255,66,64,100,100,68,0,1,0,0,0,6,0,12968,132,0
32,3337565984,10,37,100,52,0,100,46,0,100,7,8,0,2,3,63,28,3,256,79,1171,0,2,52,69,2,10,2,2,0,3319,465,108,96,0,0,1524,1,137,5,1,2,16503,12,61,9,145,4,2,0,0,0,0,0,0,0,0,0,3,256,66,57,100,100,68,0,1,0,0,0,6,0,13056,132,0
