wait,0,Jory Fen,3,144115188075855879,144115188075855877,10,1,0,0
wait,1,Jory Fen,3,144115188075855879,144115188075855877,14,2,0,0
wait,2,Jory Fen,3,144115188075855879,144115188075855877,18,3,0,432345564227567643
wait,3,Jory Fen,3,144115188075855879,144115188075855877,18,3,0,432345564227567643
wait,4,Jory Fen,3,144115188075855879,144115188075855877,18,3,0,432345564227567643
wait,5,Jory Fen,3,144115188075855879,144115188075855877,18,3,0,432345564227567643
wait,6,Jory Fen,3,144115188075855879,144115188075855877,18,3,0,432345564227567643
wait,7,Jory Fen,3,144115188075855879,144115188075855877,18,3,0,432345564227567643
wait,8,Jory Fen,3,144115188075855879,144115188075855877,18,3,0,432345564227567643
wait,9,Jory Fen,3,144115188075855879,144115188075855877,18,3,0,432345564227567643
wait,10,Jory Fen,3,144115188075855879,144115188075855877,18,3,0,432345564227567643
wait,11,Jory Fen,3,144115188075855879,144115188075855877,18,3,0,432345564227567643
wait,12,Jory Fen,3,144115188075855879,144115188075855877,18,3,0,432345564227567643
wait,13,Jory Fen,3,144115188075855879,144115188075855877,18,3,0,432345564227567643
wait,14,Jory Fen,3,144115188075855879,144115188075855877,18,3,0,432345564227567643
wait,15,Jory Fen,3,144115188075855879,144115188075855877,18,3,0,432345564227567643
wait,16,Jory Fen,3,144115188075855879,144115188075855877,18,3,0,432345564227567643
wait,17,Jory Fen,3,144115188075855879,144115188075855877,18,3,0,432345564227567643
wait,18,Jory Fen,3,144115188075855879,144115188075855877,18,3,0,432345564227567643
wait,19,Jory Fen,3,144115188075855879,144115188075855877,18,3,0,432345564227567643
wait,20,Jory Fen,3,144115188075855879,144115188075855877,18,3,0,432345564227567643
wait,21,Jory Fen,3,144115188075855879,144115188075855877,18,3,0,432345564227567643
wait,22,Jory Fen,3,144115188075855879,144115188075855877,18,3,0,432345564227567643
wait,23,Jory Fen,3,144115188075855879,144115188075855877,18,3,0,432345564227567643
wait,24,Jory Fen,3,144115188075855879,144115188075855877,18,3,0,432345564227567643
wait,25,Jory Fen,3,144115188075855879,144115188075855877,18,3,0,432345564227567643
wait,26,Jory Fen,3,144115188075855879,144115188075855877,18,3,0,432345564227567643
wait,27,Jory Fen,3,144115188075855879,144115188075855877,18,3,0,432345564227567643
wait,28,Jory Fen,3,144115188075855879,144115188075855877,18,3,0,432345564227567643
wait,29,Jory Fen,3,144115188075855879,144115188075855877,18,3,0,432345564227567643
wait,30,Jory Fen,3,144115188075855879,144115188075855877,18,3,0,432345564227567643
wait,31,Jory Fen,3,144115188075855879,144115188075855877,18,3,0,432345564227567643
wait,32,Jory Fen,3,144115188075855879,144115188075855877,18,3,0,432345564227567643
wait,33,Jory Fen,3,144115188075855879,144115188075855877,18,3,0,432345564227567643
wait,34,Jory Fen,3,144115188075855879,144115188075855877,18,3,0,432345564227567643
wait,35,Jory Fen,3,144115188075855879,144115188075855877,18,3,0,432345564227567643
wait,36,Jory Fen,3,144115188075855879,144115188075855877,18,3,0,432345564227567643
wait,37,Jory Fen,3,144115188075855879,144115188075855877,18,3,0,432345564227567643
wait,38,Jory Fen,3,144115188075855879,144115188075855877,18,3,0,432345564227567643
wait,39,Jory Fen,3,144115188075855879,144115188075855877,18,3,0,432345564227567643
wait,40,Jory Fen,3,144115188075855879,144115188075855877,18,3,0,432345564227567643
wait,41,Jory Fen,3,144115188075855879,144115188075855877,18,3,0,432345564227567643
wait,42,Jory Fen,3,144115188075855879,144115188075855877,18,3,0,432345564227567643
wait,43,Jory Fen,3,144115188075855879,144115188075855877,18,3,0,432345564227567643
wait,44,Jory Fen,3,144115188075855879,144115188075855877,18,3,0,432345564227567643
wait,45,Jory Fen,3,144115188075855879,144115188075855877,18,3,0,432345564227567643
wait,46,Jory Fen,3,144115188075855879,144115188075855877,18,3,0,432345564227567643
wait,47,Jory Fen,3,144115188075855879,144115188075855877,18,3,0,432345564227567643
wait,48,Jory Fen,3,144115188075855879,144115188075855877,18,3,0,432345564227567643
wait,49,Jory Fen,3,144115188075855879,144115188075855877,18,3,0,432345564227567643
wait,50,Jory Fen,3,144115188075855879,144115188075855877,18,3,0,432345564227567643
wait,51,Jory Fen,3,144115188075855879,144115188075855877,18,3,0,432345564227567643
wait,52,Jory Fen,3,144115188075855879,144115188075855877,18,3,0,432345564227567643
wait,53,Jory Fen,3,144115188075855879,144115188075855877,18,3,0,432345564227567643
wait,54,Jory Fen,3,144115188075855879,144115188075855877,18,3,0,432345564227567643
wait,55,Jory Fen,3,144115188075855879,144115188075855877,18,3,0,432345564227567643
wait,56,Jory Fen,3,144115188075855879,144115188075855877,18,3,0,432345564227567643
wait,57,Jory Fen,3,144115188075855879,144115188075855877,18,3,0,432345564227567643
wait,58,Jory Fen,3,144115188075855879,144115188075855877,18,3,0,432345564227567643
wait,59,Jory Fen,3,144115188075855879,144115188075855877,18,3,0,432345564227567643
wait,60,Jory Fen,3,144115188075855879,144115188075855877,18,3,0,432345564227567643
wait,61,Jory Fen,3,144115188075855879,144115188075855877,18,3,0,432345564227567643
wait,62,Jory Fen,3,144115188075855879,144115188075855877,18,3,0,432345564227567643
wait,63,Jory Fen,3,144115188075855879,144115188075855877,18,3,0,432345564227567643
wait,64,Jory Fen,3,144115188075855879,144115188075855877,18,3,0,432345564227567643
wait,65,Jory Fen,3,144115188075855879,144115188075855877,18,3,0,432345564227567643
wait,66,Jory Fen,3,144115188075855879,144115188075855877,18,3,0,432345564227567643
wait,67,Jory Fen,3,144115188075855879,144115188075855877,18,3,0,432345564227567643
wait,68,Jory Fen,3,144115188075855879,144115188075855877,18,3,0,432345564227567643
wait,69,Jory Fen,3,144115188075855879,144115188075855877,18,3,0,432345564227567643
wait,70,Jory Fen,3,144115188075855879,144115188075855877,18,3,0,432345564227567643
wait,71,Jory Fen,3,144115188075855879,144115188075855877,18,3,0,432345564227567643
wait,72,Jory Fen,3,144115188075855879,144115188075855877,18,3,0,432345564227567643
wait,73,Jory Fen,3,144115188075855879,144115188075855877,18,3,0,432345564227567643
wait,74,Jory Fen,3,144115188075855879,144115188075855877,18,3,0,432345564227567643
wait,75,Jory Fen,3,144115188075855879,144115188075855879,18,3,0,432345564227567643
wait,76,Jory Fen,3,144115188075855879,144115188075855879,18,3,0,432345564227567643
wait,77,Jory Fen,3,144115188075855879,144115188075855879,18,3,0,432345564227567643
wait,78,Jory Fen,3,144115188075855879,144115188075855879,18,3,0,432345564227567643
wait,79,Jory Fen,3,144115188075855879,144115188075855879,18,3,0,432345564227567643
wait,80,Jory Fen,3,144115188075855879,144115188075855879,18,3,0,432345564227567643
wait,81,Jory Fen,3,144115188075855879,144115188075855879,18,3,0,432345564227567643
wait,82,Jory Fen,3,144115188075855879,144115188075855879,18,3,0,432345564227567643
wait,83,Jory Fen,3,144115188075855879,144115188075855879,18,3,0,432345564227567643
wait,84,Jory Fen,3,144115188075855879,144115188075855879,18,3,0,432345564227567643
wait,85,Jory Fen,3,144115188075855879,144115188075855879,18,3,0,432345564227567643
wait,86,Jory Fen,3,144115188075855879,144115188075855879,18,3,0,432345564227567643
wait,87,Jory Fen,3,144115188075855879,144115188075855879,18,3,0,432345564227567643
wait,88,Jory Fen,3,144115188075855879,144115188075855879,18,3,0,432345564227567643
wait,89,Jory Fen,3,144115188075855879,144115188075855879,18,3,0,432345564227567643
wait,90,Jory Fen,3,144115188075855879,144115188075855879,18,3,0,432345564227567643
wait,91,Jory Fen,3,144115188075855879,144115188075855879,18,3,0,432345564227567643
wait,92,Jory Fen,3,144115188075855879,144115188075855879,18,3,0,432345564227567643
wait,93,Jory Fen,3,144115188075855879,144115188075855879,18,3,0,432345564227567643
wait,94,Jory Fen,3,144115188075855879,144115188075855879,18,3,0,432345564227567643
wait,95,Jory Fen,3,144115188075855879,144115188075855879,18,3,0,432345564227567643
wait,96,Jory Fen,3,144115188075855879,144115188075855879,18,3,0,432345564227567643
wait,97,Jory Fen,3,144115188075855879,144115188075855879,18,3,0,432345564227567643
wait,98,Jory Fen,3,144115188075855879,144115188075855879,18,3,0,432345564227567643
wait,99,Jory Fen,3,144115188075855879,144115188075855879,18,3,0,432345564227567643
wait,100,Jory Fen,3,144115188075855879,144115188075855879,18,3,0,432345564227567643
wait,101,Jory Fen,3,144115188075855879,144115188075855879,18,3,0,432345564227567643
wait,102,Jory Fen,3,144115188075855879,144115188075855879,18,3,0,432345564227567643
wait,103,Jory Fen,3,144115188075855879,144115188075855879,18,3,0,432345564227567643
wait,104,Jory Fen,3,144115188075855879,144115188075855879,18,3,0,432345564227567643
wait,105,Jory Fen,3,144115188075855879,144115188075855879,18,3,0,432345564227567643
wait,106,Jory Fen,3,144115188075855879,144115188075855879,18,3,0,432345564227567643
wait,107,Jory Fen,3,144115188075855879,144115188075855879,18,3,0,432345564227567643
wait,108,Jory Fen,3,144115188075855879,144115188075855879,18,3,0,432345564227567643
wait,109,Jory Fen,3,144115188075855879,144115188075855879,18,3,0,432345564227567643
wait,110,Jory Fen,3,144115188075855879,144115188075855879,18,3,0,432345564227567643
wait,111,Jory Fen,3,144115188075855879,144115188075855879,18,3,0,432345564227567643
wait,112,Jory Fen,3,144115188075855879,144115188075855879,18,3,0,432345564227567643
wait,113,Jory Fen,3,144115188075855879,144115188075855879,18,3,0,432345564227567643
wait,114,Jory Fen,3,144115188075855879,144115188075855879,18,3,0,432345564227567643
wait,115,Jory Fen,3,144115188075855879,144115188075855879,18,3,0,432345564227567643
wait,116,Jory Fen,3,144115188075855879,144115188075855879,18,3,0,432345564227567643
wait,117,Jory Fen,3,144115188075855879,144115188075855879,18,3,0,432345564227567643
wait,118,Jory Fen,3,144115188075855879,144115188075855879,18,3,0,432345564227567643
wait,119,Jory Fen,3,144115188075855879,144115188075855879,18,3,0,432345564227567643
wait,120,Jory Fen,3,144115188075855879,144115188075855879,18,3,0,432345564227567643
wait,121,Jory Fen,3,144115188075855879,144115188075855879,18,3,0,432345564227567643
wait,122,Jory Fen,3,144115188075855879,144115188075855879,18,3,0,432345564227567643
wait,123,Jory Fen,3,144115188075855879,144115188075855879,18,3,0,432345564227567643
wait,124,Jory Fen,3,144115188075855879,144115188075855879,18,3,0,432345564227567643
wait,125,Jory Fen,3,144115188075855879,144115188075855879,18,3,0,432345564227567643
wait,126,Jory Fen,3,144115188075855879,144115188075855879,18,3,0,432345564227567643
wait,127,Jory Fen,3,144115188075855879,144115188075855879,18,3,0,432345564227567643
wait,128,Jory Fen,3,144115188075855879,144115188075855879,18,3,0,432345564227567643
wait,129,Jory Fen,3,144115188075855879,144115188075855879,18,3,0,432345564227567643
wait,130,Jory Fen,3,144115188075855879,144115188075855879,18,3,0,432345564227567643
wait,131,Jory Fen,3,144115188075855879,144115188075855879,18,3,0,432345564227567643
wait,132,Jory Fen,3,144115188075855879,144115188075855879,18,3,0,432345564227567643
wait,133,Jory Fen,3,144115188075855879,144115188075855879,18,3,0,432345564227567643
wait,134,Jory Fen,3,144115188075855879,144115188075855879,18,3,0,432345564227567643
wait,135,Jory Fen,3,144115188075855879,144115188075855879,18,3,0,432345564227567643
wait,136,Jory Fen,3,144115188075855879,144115188075855879,18,3,0,432345564227567643
wait,137,Jory Fen,3,144115188075855879,144115188075855879,18,3,0,432345564227567643
wait,138,Jory Fen,3,144115188075855879,144115188075855879,18,3,0,432345564227567643
wait,139,Jory Fen,3,144115188075855879,144115188075855879,18,3,0,432345564227567643
wait,140,Jory Fen,3,144115188075855879,144115188075855879,18,3,0,432345564227567643
wait,141,Jory Fen,3,144115188075855879,144115188075855879,18,3,0,432345564227567643
wait,142,Jory Fen,3,144115188075855879,144115188075855879,18,3,0,432345564227567643
wait,143,Jory Fen,3,144115188075855879,144115188075855879,18,3,0,432345564227567643
wait,144,Jory Fen,3,144115188075855879,144115188075855879,18,3,0,432345564227567643
wait,145,Jory Fen,3,144115188075855879,144115188075855879,18,3,0,432345564227567643
wait,146,Jory Fen,3,144115188075855879,144115188075855879,18,3,0,432345564227567643
wait,147,Jory Fen,3,144115188075855879,144115188075855879,18,3,0,432345564227567643
wait,148,Jory Fen,3,144115188075855879,144115188075855879,18,3,0,432345564227567643
wait,149,Jory Fen,3,144115188075855879,144115188075855879,18,3,0,432345564227567643
wait,150,Jory Fen,3,144115188075855879,144115188075855879,18,3,0,432345564227567643
wait,151,Jory Fen,3,144115188075855879,144115188075855879,18,3,0,432345564227567643
wait,152,Jory Fen,3,144115188075855879,144115188075855879,18,3,0,432345564227567643
wait,153,Jory Fen,3,144115188075855879,144115188075855879,18,3,0,432345564227567643
wait,154,Jory Fen,3,144115188075855879,144115188075855879,18,3,0,432345564227567643
wait,155,Jory Fen,3,144115188075855879,144115188075855879,18,3,0,432345564227567643
wait,156,Jory Fen,3,144115188075855879,144115188075855879,18,3,0,432345564227567643
wait,157,Jory Fen,3,144115188075855879,144115188075855879,18,3,0,432345564227567643
wait,158,Jory Fen,3,144115188075855879,144115188075855879,18,3,0,432345564227567643
wait,159,Jory Fen,3,144115188075855879,144115188075855879,18,3,0,432345564227567643
wait,160,Jory Fen,3,144115188075855879,144115188075855879,18,3,0,432345564227567643
wait,161,Jory Fen,3,144115188075855879,144115188075855879,18,3,0,432345564227567643
wait,162,Jory Fen,3,144115188075855879,144115188075855879,18,3,0,432345564227567643
wait,163,Jory Fen,3,144115188075855879,144115188075855879,18,3,0,432345564227567643
wait,164,Jory Fen,3,144115188075855879,144115188075855879,18,3,0,432345564227567643
wait,165,Jory Fen,3,144115188075855879,144115188075855879,18,3,0,432345564227567643
wait,166,Jory Fen,3,144115188075855879,144115188075855879,18,3,0,432345564227567643
wait,167,Jory Fen,3,144115188075855879,144115188075855879,18,3,0,432345564227567643
wait,168,Jory Fen,3,144115188075855879,144115188075855879,18,3,0,432345564227567643
wait,169,Jory Fen,3,144115188075855879,144115188075855879,18,3,0,432345564227567643
wait,170,Jory Fen,3,144115188075855879,144115188075855879,18,3,0,432345564227567643
wait,171,Jory Fen,3,144115188075855879,144115188075855879,18,3,0,432345564227567643
wait,172,Jory Fen,3,144115188075855879,144115188075855879,18,3,0,432345564227567643
wait,173,Jory Fen,3,144115188075855879,144115188075855879,18,3,0,432345564227567643
wait,174,Jory Fen,3,144115188075855879,144115188075855879,18,3,0,432345564227567643
wait,175,Jory Fen,3,144115188075855879,144115188075855879,18,3,0,432345564227567643
wait,176,Jory Fen,3,144115188075855879,144115188075855879,18,3,0,432345564227567643
wait,177,Jory Fen,3,144115188075855879,144115188075855879,18,3,0,432345564227567643
wait,178,Jory Fen,3,144115188075855879,144115188075855879,18,3,0,432345564227567643
wait,179,Jory Fen,3,144115188075855879,144115188075855879,18,3,0,432345564227567643
wait,180,Jory Fen,3,144115188075855879,144115188075855879,18,3,0,432345564227567643
fund,0,Jory Fen,3,144115188075855879,144115188075855877,10,1,0,0
fund,1,Jory Fen,3,144115188075855879,144115188075855877,14,2,0,0
fund,2,Jory Fen,3,144115188075855879,144115188075855877,18,3,0,432345564227567643
fund,3,Jory Fen,3,144115188075855879,144115188075855877,18,3,0,432345564227567643
fund,4,Jory Fen,3,144115188075855879,144115188075855877,18,3,0,432345564227567643
fund,5,Jory Fen,3,144115188075855879,144115188075855877,18,3,0,432345564227567643
fund,6,Jory Fen,3,144115188075855879,144115188075855877,18,3,0,432345564227567643
fund,7,Jory Fen,3,144115188075855879,144115188075855877,18,3,0,432345564227567643
fund,8,Jory Fen,3,144115188075855879,144115188075855877,18,3,0,432345564227567643
fund,9,Jory Fen,3,144115188075855879,144115188075855877,18,3,0,432345564227567643
fund,10,Jory Fen,3,144115188075855879,144115188075855877,18,3,0,432345564227567643
fund,11,Jory Fen,3,144115188075855879,144115188075855877,18,3,0,432345564227567643
fund,12,Jory Fen,3,144115188075855879,144115188075855877,18,3,0,432345564227567643
fund,13,Jory Fen,3,144115188075855879,144115188075855877,18,3,0,432345564227567643
fund,14,Jory Fen,3,144115188075855879,144115188075855877,18,3,0,432345564227567643
fund,15,Jory Fen,3,144115188075855879,144115188075855877,18,3,0,432345564227567643
fund,16,Jory Fen,3,144115188075855879,144115188075855877,18,3,0,432345564227567643
fund,17,Jory Fen,3,144115188075855879,144115188075855877,18,3,0,432345564227567643
fund,18,Jory Fen,3,144115188075855879,144115188075855877,18,3,0,432345564227567643
fund,19,Jory Fen,3,144115188075855879,144115188075855877,18,3,0,432345564227567643
fund,20,Jory Fen,3,144115188075855879,144115188075855877,18,3,0,432345564227567643
fund,21,Jory Fen,3,144115188075855879,144115188075855877,18,3,0,432345564227567643
fund,22,Jory Fen,3,144115188075855879,144115188075855877,18,3,0,432345564227567643
fund,23,Jory Fen,3,144115188075855879,144115188075855877,18,3,0,432345564227567643
fund,24,Jory Fen,3,144115188075855879,144115188075855877,18,3,0,432345564227567643
fund,25,Jory Fen,3,144115188075855879,144115188075855877,18,3,0,432345564227567643
fund,26,Jory Fen,3,144115188075855879,144115188075855877,18,3,0,432345564227567643
fund,27,Jory Fen,3,144115188075855879,144115188075855877,18,3,0,432345564227567643
fund,28,Jory Fen,3,144115188075855879,144115188075855877,18,3,0,432345564227567643
fund,29,Jory Fen,3,144115188075855879,144115188075855877,18,3,0,432345564227567643
fund,30,Jory Fen,3,144115188075855879,144115188075855877,18,3,0,432345564227567643
fund,31,Jory Fen,3,144115188075855879,144115188075855877,18,3,0,432345564227567643
fund,32,Jory Fen,3,144115188075855879,144115188075855877,18,3,0,432345564227567643
fund,33,Jory Fen,3,144115188075855879,144115188075855877,18,3,0,432345564227567643
fund,34,Jory Fen,3,144115188075855879,144115188075855877,18,3,0,432345564227567643
fund,35,Jory Fen,3,144115188075855879,144115188075855877,18,3,0,432345564227567643
fund,36,Jory Fen,3,144115188075855879,144115188075855877,18,3,0,432345564227567643
fund,37,Jory Fen,3,144115188075855879,144115188075855877,18,3,0,432345564227567643
fund,38,Jory Fen,3,144115188075855879,144115188075855877,18,3,0,432345564227567643
fund,39,Jory Fen,3,144115188075855879,144115188075855877,18,3,0,432345564227567643
fund,40,Jory Fen,3,144115188075855879,144115188075855877,18,3,0,432345564227567643
fund,41,Jory Fen,3,144115188075855879,144115188075855877,18,3,0,432345564227567643
fund,42,Jory Fen,3,144115188075855879,144115188075855877,18,3,0,432345564227567643
fund,43,Jory Fen,3,144115188075855879,144115188075855877,18,3,0,432345564227567643
fund,44,Jory Fen,3,144115188075855879,144115188075855877,18,3,0,432345564227567643
fund,45,Jory Fen,3,144115188075855879,144115188075855877,18,3,0,432345564227567643
fund,46,Jory Fen,3,144115188075855879,144115188075855877,18,3,0,432345564227567643
fund,47,Jory Fen,3,144115188075855879,144115188075855877,18,3,0,432345564227567643
fund,48,Jory Fen,3,144115188075855879,144115188075855877,18,3,0,432345564227567643
fund,49,Jory Fen,3,144115188075855879,144115188075855877,18,3,0,432345564227567643
fund,50,Jory Fen,3,144115188075855879,144115188075855877,18,3,0,432345564227567643
fund,51,Jory Fen,3,144115188075855879,144115188075855877,18,3,0,432345564227567643
fund,52,Jory Fen,3,144115188075855879,144115188075855877,18,3,0,432345564227567643
fund,53,Jory Fen,3,144115188075855879,144115188075855877,18,3,0,432345564227567643
fund,54,Jory Fen,3,144115188075855879,144115188075855877,18,3,0,432345564227567643
fund,55,Jory Fen,3,144115188075855879,144115188075855877,18,3,0,432345564227567643
fund,56,Jory Fen,3,144115188075855879,144115188075855877,18,3,0,432345564227567643
fund,57,Jory Fen,3,144115188075855879,144115188075855877,18,3,0,432345564227567643
fund,58,Jory Fen,3,144115188075855879,144115188075855877,18,3,0,432345564227567643
fund,59,Jory Fen,3,144115188075855879,144115188075855877,18,3,0,432345564227567643
fund,60,Jory Fen,3,144115188075855879,144115188075855877,18,3,0,432345564227567643
fund,61,Jory Fen,3,144115188075855879,144115188075855877,18,3,0,432345564227567643
fund,62,Jory Fen,3,144115188075855879,144115188075855877,18,3,0,432345564227567643
fund,63,Jory Fen,3,144115188075855879,144115188075855877,18,3,0,432345564227567643
fund,64,Jory Fen,3,144115188075855879,144115188075855877,18,3,0,432345564227567643
fund,65,Jory Fen,3,144115188075855879,144115188075855877,18,3,0,432345564227567643
fund,66,Jory Fen,3,144115188075855879,144115188075855877,18,3,0,432345564227567643
fund,67,Jory Fen,3,144115188075855879,144115188075855877,18,3,0,432345564227567643
fund,68,Jory Fen,3,144115188075855879,144115188075855877,18,3,0,432345564227567643
fund,69,Jory Fen,3,144115188075855879,144115188075855877,18,3,0,432345564227567643
fund,70,Jory Fen,3,144115188075855879,144115188075855877,18,3,0,432345564227567643
fund,71,Jory Fen,3,144115188075855879,144115188075855877,18,3,0,432345564227567643
fund,72,Jory Fen,3,144115188075855879,144115188075855877,18,3,0,432345564227567643
fund,73,Jory Fen,3,144115188075855879,144115188075855877,18,3,0,432345564227567643
fund,74,Jory Fen,3,144115188075855879,144115188075855877,18,3,0,432345564227567643
fund,75,Jory Fen,3,144115188075855879,144115188075855879,18,3,0,432345564227567643
fund,76,Jory Fen,3,144115188075855879,144115188075855879,18,3,0,432345564227567643
fund,77,Jory Fen,3,144115188075855879,144115188075855879,18,3,0,432345564227567643
fund,78,Jory Fen,3,144115188075855879,144115188075855879,18,3,0,432345564227567643
fund,79,Jory Fen,3,144115188075855879,144115188075855879,18,3,0,432345564227567643
fund,80,Jory Fen,3,144115188075855879,144115188075855879,18,3,0,432345564227567643
fund,81,Jory Fen,3,144115188075855879,144115188075855879,18,3,0,432345564227567643
fund,82,Jory Fen,3,144115188075855879,144115188075855879,18,3,0,432345564227567643
fund,83,Jory Fen,3,144115188075855879,144115188075855879,18,3,0,432345564227567643
fund,84,Jory Fen,3,144115188075855879,144115188075855879,18,3,0,432345564227567643
fund,85,Jory Fen,3,144115188075855879,144115188075855879,18,3,0,432345564227567643
fund,86,Jory Fen,3,144115188075855879,144115188075855879,18,3,0,432345564227567643
fund,87,Jory Fen,3,144115188075855879,144115188075855879,18,3,0,432345564227567643
fund,88,Jory Fen,3,144115188075855879,144115188075855879,18,3,0,432345564227567643
fund,89,Jory Fen,3,144115188075855879,144115188075855879,18,3,0,432345564227567643
fund,90,Jory Fen,3,144115188075855879,144115188075855879,18,3,0,432345564227567643
fund,91,Jory Fen,3,144115188075855879,144115188075855879,18,3,0,432345564227567643
fund,92,Jory Fen,3,144115188075855879,144115188075855879,18,3,0,432345564227567643
fund,93,Jory Fen,3,144115188075855879,144115188075855879,18,3,0,432345564227567643
fund,94,Jory Fen,3,144115188075855879,144115188075855879,18,3,0,432345564227567643
fund,95,Jory Fen,3,144115188075855879,144115188075855879,18,3,0,432345564227567643
fund,96,Jory Fen,3,144115188075855879,144115188075855879,18,3,0,432345564227567643
fund,97,Jory Fen,3,144115188075855879,144115188075855879,18,3,0,432345564227567643
fund,98,Jory Fen,3,144115188075855879,144115188075855879,18,3,0,432345564227567643
fund,99,Jory Fen,3,144115188075855879,144115188075855879,18,3,0,432345564227567643
fund,100,Jory Fen,3,144115188075855879,144115188075855879,18,3,0,432345564227567643
fund,101,Jory Fen,3,144115188075855879,144115188075855879,18,3,0,432345564227567643
fund,102,Jory Fen,3,144115188075855879,144115188075855879,18,3,0,432345564227567643
fund,103,Jory Fen,3,144115188075855879,144115188075855879,18,3,0,432345564227567643
fund,104,Jory Fen,3,144115188075855879,144115188075855879,18,3,0,432345564227567643
fund,105,Jory Fen,3,144115188075855879,144115188075855879,18,3,0,432345564227567643
fund,106,Jory Fen,3,144115188075855879,144115188075855879,18,3,0,432345564227567643
fund,107,Jory Fen,3,144115188075855879,144115188075855879,18,3,0,432345564227567643
fund,108,Jory Fen,3,144115188075855879,144115188075855879,18,3,0,432345564227567643
fund,109,Jory Fen,3,144115188075855879,144115188075855879,18,3,0,432345564227567643
fund,110,Jory Fen,3,144115188075855879,144115188075855879,18,3,0,432345564227567643
fund,111,Jory Fen,3,144115188075855879,144115188075855879,18,3,0,432345564227567643
fund,112,Jory Fen,3,144115188075855879,144115188075855879,18,3,0,432345564227567643
fund,113,Jory Fen,3,144115188075855879,144115188075855879,18,3,0,432345564227567643
fund,114,Jory Fen,3,144115188075855879,144115188075855879,18,3,0,432345564227567643
fund,115,Jory Fen,3,144115188075855879,144115188075855879,18,3,0,432345564227567643
fund,116,Jory Fen,3,144115188075855879,144115188075855879,18,3,0,432345564227567643
fund,117,Jory Fen,3,144115188075855879,144115188075855879,18,3,0,432345564227567643
fund,118,Jory Fen,3,144115188075855879,144115188075855879,18,3,0,432345564227567643
fund,119,Jory Fen,3,144115188075855879,144115188075855879,18,3,0,432345564227567643
fund,120,Jory Fen,3,144115188075855879,144115188075855879,18,3,0,432345564227567643
fund,121,Jory Fen,3,144115188075855879,144115188075855879,18,3,0,432345564227567643
fund,122,Jory Fen,3,144115188075855879,144115188075855879,18,3,0,432345564227567643
fund,123,Jory Fen,3,144115188075855879,144115188075855879,18,3,0,432345564227567643
fund,124,Jory Fen,3,144115188075855879,144115188075855879,18,3,0,432345564227567643
fund,125,Jory Fen,3,144115188075855879,144115188075855879,18,3,0,432345564227567643
fund,126,Jory Fen,3,144115188075855879,144115188075855879,18,3,0,432345564227567643
fund,127,Jory Fen,3,144115188075855879,144115188075855879,18,3,0,432345564227567643
fund,128,Jory Fen,3,144115188075855879,144115188075855879,18,3,0,432345564227567643
fund,129,Jory Fen,3,144115188075855879,144115188075855879,18,3,0,432345564227567643
fund,130,Jory Fen,3,144115188075855879,144115188075855879,18,3,0,432345564227567643
fund,131,Jory Fen,3,144115188075855879,144115188075855879,18,3,0,432345564227567643
fund,132,Jory Fen,3,144115188075855879,144115188075855879,18,3,0,432345564227567643
fund,133,Jory Fen,3,144115188075855879,144115188075855879,18,3,0,432345564227567643
fund,134,Jory Fen,3,144115188075855879,144115188075855879,18,3,0,432345564227567643
fund,135,Jory Fen,3,144115188075855879,144115188075855879,18,3,0,432345564227567643
fund,136,Jory Fen,3,144115188075855879,144115188075855879,18,3,0,432345564227567643
fund,137,Jory Fen,3,144115188075855879,144115188075855879,18,3,0,432345564227567643
fund,138,Jory Fen,3,144115188075855879,144115188075855879,18,3,0,432345564227567643
fund,139,Jory Fen,3,144115188075855879,144115188075855879,18,3,0,432345564227567643
fund,140,Jory Fen,3,144115188075855879,144115188075855879,18,3,0,432345564227567643
fund,141,Jory Fen,3,144115188075855879,144115188075855879,18,3,0,432345564227567643
fund,142,Jory Fen,3,144115188075855879,144115188075855879,18,3,0,432345564227567643
fund,143,Jory Fen,3,144115188075855879,144115188075855879,18,3,0,432345564227567643
fund,144,Jory Fen,3,144115188075855879,144115188075855879,18,3,0,432345564227567643
fund,145,Jory Fen,3,144115188075855879,144115188075855879,18,3,0,432345564227567643
fund,146,Jory Fen,3,144115188075855879,144115188075855879,18,3,0,432345564227567643
fund,147,Jory Fen,3,144115188075855879,144115188075855879,18,3,0,432345564227567643
fund,148,Jory Fen,3,144115188075855879,144115188075855879,18,3,0,432345564227567643
fund,149,Jory Fen,3,144115188075855879,144115188075855879,18,3,0,432345564227567643
fund,150,Jory Fen,3,144115188075855879,144115188075855879,18,3,0,432345564227567643
fund,151,Jory Fen,3,144115188075855879,144115188075855879,18,3,0,432345564227567643
fund,152,Jory Fen,3,144115188075855879,144115188075855879,18,3,0,432345564227567643
fund,153,Jory Fen,3,144115188075855879,144115188075855879,18,3,0,432345564227567643
fund,154,Jory Fen,3,144115188075855879,144115188075855879,18,3,0,432345564227567643
fund,155,Jory Fen,3,144115188075855879,144115188075855879,18,3,0,432345564227567643
fund,156,Jory Fen,3,144115188075855879,144115188075855879,18,3,0,432345564227567643
fund,157,Jory Fen,3,144115188075855879,144115188075855879,18,3,0,432345564227567643
fund,158,Jory Fen,3,144115188075855879,144115188075855879,18,3,0,432345564227567643
fund,159,Jory Fen,3,144115188075855879,144115188075855879,18,3,0,432345564227567643
fund,160,Jory Fen,3,144115188075855879,144115188075855879,18,3,0,432345564227567643
fund,161,Jory Fen,3,144115188075855879,144115188075855879,18,3,0,432345564227567643
fund,162,Jory Fen,3,144115188075855879,144115188075855879,18,3,0,432345564227567643
fund,163,Jory Fen,3,144115188075855879,144115188075855879,18,3,0,432345564227567643
fund,164,Jory Fen,3,144115188075855879,144115188075855879,18,3,0,432345564227567643
fund,165,Jory Fen,3,144115188075855879,144115188075855879,18,3,0,432345564227567643
fund,166,Jory Fen,3,144115188075855879,144115188075855879,18,3,0,432345564227567643
fund,167,Jory Fen,3,144115188075855879,144115188075855879,18,3,0,432345564227567643
fund,168,Jory Fen,3,144115188075855879,144115188075855879,18,3,0,432345564227567643
fund,169,Jory Fen,3,144115188075855879,144115188075855879,18,3,0,432345564227567643
fund,170,Jory Fen,3,144115188075855879,144115188075855879,18,3,0,432345564227567643
fund,171,Jory Fen,3,144115188075855879,144115188075855879,18,3,0,432345564227567643
fund,172,Jory Fen,3,144115188075855879,144115188075855879,18,3,0,432345564227567643
fund,173,Jory Fen,3,144115188075855879,144115188075855879,18,3,0,432345564227567643
fund,174,Jory Fen,3,144115188075855879,144115188075855879,18,3,0,432345564227567643
fund,175,Jory Fen,3,144115188075855879,144115188075855879,18,3,0,432345564227567643
fund,176,Jory Fen,3,144115188075855879,144115188075855879,18,3,0,432345564227567643
fund,177,Jory Fen,3,144115188075855879,144115188075855879,18,3,0,432345564227567643
fund,178,Jory Fen,3,144115188075855879,144115188075855879,18,3,0,432345564227567643
fund,179,Jory Fen,3,144115188075855879,144115188075855879,18,3,0,432345564227567643
fund,180,Jory Fen,3,144115188075855879,144115188075855879,18,3,0,432345564227567643
supplies,0,Jory Fen,3,144115188075855879,144115188075855877,2,0,0,0
supplies,1,Jory Fen,3,144115188075855879,144115188075855877,0,0,1,0
supplies,2,Jory Fen,3,144115188075855879,144115188075855877,4,1,0,0
supplies,3,Jory Fen,3,144115188075855879,144115188075855877,0,0,0,0
supplies,4,Jory Fen,3,144115188075855879,144115188075855877,4,1,0,0
supplies,5,Jory Fen,3,144115188075855879,144115188075855877,0,0,0,0
supplies,6,Jory Fen,3,144115188075855879,144115188075855877,4,1,0,0
supplies,7,Jory Fen,3,144115188075855879,144115188075855877,8,2,0,0
supplies,8,Jory Fen,3,144115188075855879,144115188075855877,0,0,0,0
supplies,9,Jory Fen,3,144115188075855879,144115188075855877,4,1,0,0
supplies,10,Jory Fen,3,144115188075855879,144115188075855877,8,2,0,0
supplies,11,Jory Fen,3,144115188075855879,144115188075855877,0,0,0,0
supplies,12,Jory Fen,3,144115188075855879,144115188075855877,4,1,0,0
supplies,13,Jory Fen,3,144115188075855879,144115188075855877,1,0,0,0
supplies,14,Jory Fen,3,144115188075855879,144115188075855877,0,0,1,0
supplies,15,Jory Fen,3,144115188075855879,144115188075855877,4,1,0,0
supplies,16,Jory Fen,3,144115188075855879,144115188075855877,1,0,0,0
supplies,17,Jory Fen,3,144115188075855879,144115188075855877,0,0,1,0
supplies,18,Jory Fen,3,144115188075855879,144115188075855877,4,1,0,0
supplies,19,Jory Fen,3,144115188075855879,144115188075855877,1,0,0,0
supplies,20,Jory Fen,3,144115188075855879,144115188075855877,5,1,0,0
supplies,21,Jory Fen,3,144115188075855879,144115188075855877,9,2,0,0
supplies,22,Jory Fen,3,144115188075855879,144115188075855877,13,3,0,0
supplies,23,Jory Fen,3,144115188075855879,144115188075855877,17,4,0,432345564227567643
supplies,24,Jory Fen,3,144115188075855879,144115188075855877,17,4,0,432345564227567643
supplies,25,Jory Fen,3,144115188075855879,144115188075855877,17,4,0,432345564227567643
supplies,26,Jory Fen,3,144115188075855879,144115188075855877,17,4,0,432345564227567643
supplies,27,Jory Fen,3,144115188075855879,144115188075855877,17,4,0,432345564227567643
supplies,28,Jory Fen,3,144115188075855879,144115188075855877,17,4,0,432345564227567643
supplies,29,Jory Fen,3,144115188075855879,144115188075855877,17,4,0,432345564227567643
supplies,30,Jory Fen,3,144115188075855879,144115188075855877,17,4,0,432345564227567643
supplies,31,Jory Fen,3,144115188075855879,144115188075855877,17,4,0,432345564227567643
supplies,32,Jory Fen,3,144115188075855879,144115188075855877,17,4,0,432345564227567643
supplies,33,Jory Fen,3,144115188075855879,144115188075855877,17,4,0,432345564227567643
supplies,34,Jory Fen,3,144115188075855879,144115188075855877,17,4,0,432345564227567643
supplies,35,Jory Fen,3,144115188075855879,144115188075855877,17,4,0,432345564227567643
supplies,36,Jory Fen,3,144115188075855879,144115188075855877,17,4,0,432345564227567643
supplies,37,Jory Fen,3,144115188075855879,144115188075855877,17,4,0,432345564227567643
supplies,38,Jory Fen,3,144115188075855879,144115188075855877,17,4,0,432345564227567643
supplies,39,Jory Fen,3,144115188075855879,144115188075855877,17,4,0,432345564227567643
supplies,40,Jory Fen,3,144115188075855879,144115188075855877,17,4,0,432345564227567643
supplies,41,Jory Fen,3,144115188075855879,144115188075855877,17,4,0,432345564227567643
supplies,42,Jory Fen,3,144115188075855879,144115188075855877,17,4,0,432345564227567643
supplies,43,Jory Fen,3,144115188075855879,144115188075855877,17,4,0,432345564227567643
supplies,44,Jory Fen,3,144115188075855879,144115188075855877,17,4,0,432345564227567643
supplies,45,Jory Fen,3,144115188075855879,144115188075855877,17,4,0,432345564227567643
supplies,46,Jory Fen,3,144115188075855879,144115188075855877,17,4,0,432345564227567643
supplies,47,Jory Fen,3,144115188075855879,144115188075855877,17,4,0,432345564227567643
supplies,48,Jory Fen,3,144115188075855879,144115188075855877,17,4,0,432345564227567643
supplies,49,Jory Fen,3,144115188075855879,144115188075855877,17,4,0,432345564227567643
supplies,50,Jory Fen,3,144115188075855879,144115188075855877,17,4,0,432345564227567643
supplies,51,Jory Fen,3,144115188075855879,144115188075855877,17,4,0,432345564227567643
supplies,52,Jory Fen,3,144115188075855879,144115188075855877,17,4,0,432345564227567643
supplies,53,Jory Fen,3,144115188075855879,144115188075855877,17,4,0,432345564227567643
supplies,54,Jory Fen,3,144115188075855879,144115188075855877,17,4,0,432345564227567643
supplies,55,Jory Fen,3,144115188075855879,144115188075855877,17,4,0,432345564227567643
supplies,56,Jory Fen,3,144115188075855879,144115188075855877,17,4,0,432345564227567643
supplies,57,Jory Fen,3,144115188075855879,144115188075855877,17,4,0,432345564227567643
supplies,58,Jory Fen,3,144115188075855879,144115188075855877,17,4,0,432345564227567643
supplies,59,Jory Fen,3,144115188075855879,144115188075855877,17,4,0,432345564227567643
supplies,60,Jory Fen,3,144115188075855879,144115188075855877,17,4,0,432345564227567643
supplies,61,Jory Fen,3,144115188075855879,144115188075855877,17,4,0,432345564227567643
supplies,62,Jory Fen,3,144115188075855879,144115188075855877,17,4,0,432345564227567643
supplies,63,Jory Fen,3,144115188075855879,144115188075855877,17,4,0,432345564227567643
supplies,64,Jory Fen,3,144115188075855879,144115188075855877,17,4,0,432345564227567643
supplies,65,Jory Fen,3,144115188075855879,144115188075855877,17,4,0,432345564227567643
supplies,66,Jory Fen,3,144115188075855879,144115188075855877,17,4,0,432345564227567643
supplies,67,Jory Fen,3,144115188075855879,144115188075855877,17,4,0,432345564227567643
supplies,68,Jory Fen,3,144115188075855879,144115188075855877,17,4,0,432345564227567643
supplies,69,Jory Fen,3,144115188075855879,144115188075855877,17,4,0,432345564227567643
supplies,70,Jory Fen,3,144115188075855879,144115188075855877,17,4,0,432345564227567643
supplies,71,Jory Fen,3,144115188075855879,144115188075855877,17,4,0,432345564227567643
supplies,72,Jory Fen,3,144115188075855879,144115188075855877,17,4,0,432345564227567643
supplies,73,Jory Fen,3,144115188075855879,144115188075855877,17,4,0,432345564227567643
supplies,74,Jory Fen,3,144115188075855879,144115188075855877,17,4,0,432345564227567643
supplies,75,Jory Fen,3,144115188075855879,144115188075855879,17,4,0,432345564227567643
supplies,76,Jory Fen,3,144115188075855879,144115188075855879,17,4,0,432345564227567643
supplies,77,Jory Fen,3,144115188075855879,144115188075855879,17,4,0,432345564227567643
supplies,78,Jory Fen,3,144115188075855879,144115188075855879,17,4,0,432345564227567643
supplies,79,Jory Fen,3,144115188075855879,144115188075855879,17,4,0,432345564227567643
supplies,80,Jory Fen,3,144115188075855879,144115188075855879,17,4,0,432345564227567643
supplies,81,Jory Fen,3,144115188075855879,144115188075855879,17,4,0,432345564227567643
supplies,82,Jory Fen,3,144115188075855879,144115188075855879,17,4,0,432345564227567643
supplies,83,Jory Fen,3,144115188075855879,144115188075855879,17,4,0,432345564227567643
supplies,84,Jory Fen,3,144115188075855879,144115188075855879,17,4,0,432345564227567643
supplies,85,Jory Fen,3,144115188075855879,144115188075855879,17,4,0,432345564227567643
supplies,86,Jory Fen,3,144115188075855879,144115188075855879,17,4,0,432345564227567643
supplies,87,Jory Fen,3,144115188075855879,144115188075855879,17,4,0,432345564227567643
supplies,88,Jory Fen,3,144115188075855879,144115188075855879,17,4,0,432345564227567643
supplies,89,Jory Fen,3,144115188075855879,144115188075855879,17,4,0,432345564227567643
supplies,90,Jory Fen,3,144115188075855879,144115188075855879,17,4,0,432345564227567643
supplies,91,Jory Fen,3,144115188075855879,144115188075855879,17,4,0,432345564227567643
supplies,92,Jory Fen,3,144115188075855879,144115188075855879,17,4,0,432345564227567643
supplies,93,Jory Fen,3,144115188075855879,144115188075855879,17,4,0,432345564227567643
supplies,94,Jory Fen,3,144115188075855879,144115188075855879,17,4,0,432345564227567643
supplies,95,Jory Fen,3,144115188075855879,144115188075855879,17,4,0,432345564227567643
supplies,96,Jory Fen,3,144115188075855879,144115188075855879,17,4,0,432345564227567643
supplies,97,Jory Fen,3,144115188075855879,144115188075855879,17,4,0,432345564227567643
supplies,98,Jory Fen,3,144115188075855879,144115188075855879,17,4,0,432345564227567643
supplies,99,Jory Fen,3,144115188075855879,144115188075855879,17,4,0,432345564227567643
supplies,100,Jory Fen,3,144115188075855879,144115188075855879,17,4,0,432345564227567643
supplies,101,Jory Fen,3,144115188075855879,144115188075855879,17,4,0,432345564227567643
supplies,102,Jory Fen,3,144115188075855879,144115188075855879,17,4,0,432345564227567643
supplies,103,Jory Fen,3,144115188075855879,144115188075855879,17,4,0,432345564227567643
supplies,104,Jory Fen,3,144115188075855879,144115188075855879,17,4,0,432345564227567643
supplies,105,Jory Fen,3,144115188075855879,144115188075855879,17,4,0,432345564227567643
supplies,106,Jory Fen,3,144115188075855879,144115188075855879,17,4,0,432345564227567643
supplies,107,Jory Fen,3,144115188075855879,144115188075855879,17,4,0,432345564227567643
supplies,108,Jory Fen,3,144115188075855879,144115188075855879,17,4,0,432345564227567643
supplies,109,Jory Fen,3,144115188075855879,144115188075855879,17,4,0,432345564227567643
supplies,110,Jory Fen,3,144115188075855879,144115188075855879,17,4,0,432345564227567643
supplies,111,Jory Fen,3,144115188075855879,144115188075855879,17,4,0,432345564227567643
supplies,112,Jory Fen,3,144115188075855879,144115188075855879,17,4,0,432345564227567643
supplies,113,Jory Fen,3,144115188075855879,144115188075855879,17,4,0,432345564227567643
supplies,114,Jory Fen,3,144115188075855879,144115188075855879,17,4,0,432345564227567643
supplies,115,Jory Fen,3,144115188075855879,144115188075855879,17,4,0,432345564227567643
supplies,116,Jory Fen,3,144115188075855879,144115188075855879,17,4,0,432345564227567643
supplies,117,Jory Fen,3,144115188075855879,144115188075855879,17,4,0,432345564227567643
supplies,118,Jory Fen,3,144115188075855879,144115188075855879,17,4,0,432345564227567643
supplies,119,Jory Fen,3,144115188075855879,144115188075855879,17,4,0,432345564227567643
supplies,120,Jory Fen,3,144115188075855879,144115188075855879,17,4,0,432345564227567643
supplies,121,Jory Fen,3,144115188075855879,144115188075855879,17,4,0,432345564227567643
supplies,122,Jory Fen,3,144115188075855879,144115188075855879,17,4,0,432345564227567643
supplies,123,Jory Fen,3,144115188075855879,144115188075855879,17,4,0,432345564227567643
supplies,124,Jory Fen,3,144115188075855879,144115188075855879,17,4,0,432345564227567643
supplies,125,Jory Fen,3,144115188075855879,144115188075855879,17,4,0,432345564227567643
supplies,126,Jory Fen,3,144115188075855879,144115188075855879,17,4,0,432345564227567643
supplies,127,Jory Fen,3,144115188075855879,144115188075855879,17,4,0,432345564227567643
supplies,128,Jory Fen,3,144115188075855879,144115188075855879,17,4,0,432345564227567643
supplies,129,Jory Fen,3,144115188075855879,144115188075855879,17,4,0,432345564227567643
supplies,130,Jory Fen,3,144115188075855879,144115188075855879,17,4,0,432345564227567643
supplies,131,Jory Fen,3,144115188075855879,144115188075855879,17,4,0,432345564227567643
supplies,132,Jory Fen,3,144115188075855879,144115188075855879,17,4,0,432345564227567643
supplies,133,Jory Fen,3,144115188075855879,144115188075855879,17,4,0,432345564227567643
supplies,134,Jory Fen,3,144115188075855879,144115188075855879,17,4,0,432345564227567643
supplies,135,Jory Fen,3,144115188075855879,144115188075855879,17,4,0,432345564227567643
supplies,136,Jory Fen,3,144115188075855879,144115188075855879,17,4,0,432345564227567643
supplies,137,Jory Fen,3,144115188075855879,144115188075855879,17,4,0,432345564227567643
supplies,138,Jory Fen,3,144115188075855879,144115188075855879,17,4,0,432345564227567643
supplies,139,Jory Fen,3,144115188075855879,144115188075855879,17,4,0,432345564227567643
supplies,140,Jory Fen,3,144115188075855879,144115188075855879,17,4,0,432345564227567643
supplies,141,Jory Fen,3,144115188075855879,144115188075855879,17,4,0,432345564227567643
supplies,142,Jory Fen,3,144115188075855879,144115188075855879,17,4,0,432345564227567643
supplies,143,Jory Fen,3,144115188075855879,144115188075855879,17,4,0,432345564227567643
supplies,144,Jory Fen,3,144115188075855879,144115188075855879,17,4,0,432345564227567643
supplies,145,Jory Fen,3,144115188075855879,144115188075855879,17,4,0,432345564227567643
supplies,146,Jory Fen,3,144115188075855879,144115188075855879,17,4,0,432345564227567643
supplies,147,Jory Fen,3,144115188075855879,144115188075855879,17,4,0,432345564227567643
supplies,148,Jory Fen,3,144115188075855879,144115188075855879,17,4,0,432345564227567643
supplies,149,Jory Fen,3,144115188075855879,144115188075855879,17,4,0,432345564227567643
supplies,150,Jory Fen,3,144115188075855879,144115188075855879,17,4,0,432345564227567643
supplies,151,Jory Fen,3,144115188075855879,144115188075855879,17,4,0,432345564227567643
supplies,152,Jory Fen,3,144115188075855879,144115188075855879,17,4,0,432345564227567643
supplies,153,Jory Fen,3,144115188075855879,144115188075855879,17,4,0,432345564227567643
supplies,154,Jory Fen,3,144115188075855879,144115188075855879,17,4,0,432345564227567643
supplies,155,Jory Fen,3,144115188075855879,144115188075855879,17,4,0,432345564227567643
supplies,156,Jory Fen,3,144115188075855879,144115188075855879,17,4,0,432345564227567643
supplies,157,Jory Fen,3,144115188075855879,144115188075855879,17,4,0,432345564227567643
supplies,158,Jory Fen,3,144115188075855879,144115188075855879,17,4,0,432345564227567643
supplies,159,Jory Fen,3,144115188075855879,144115188075855879,17,4,0,432345564227567643
supplies,160,Jory Fen,3,144115188075855879,144115188075855879,17,4,0,432345564227567643
supplies,161,Jory Fen,3,144115188075855879,144115188075855879,17,4,0,432345564227567643
supplies,162,Jory Fen,3,144115188075855879,144115188075855879,17,4,0,432345564227567643
supplies,163,Jory Fen,3,144115188075855879,144115188075855879,17,4,0,432345564227567643
supplies,164,Jory Fen,3,144115188075855879,144115188075855879,17,4,0,432345564227567643
supplies,165,Jory Fen,3,144115188075855879,144115188075855879,17,4,0,432345564227567643
supplies,166,Jory Fen,3,144115188075855879,144115188075855879,17,4,0,432345564227567643
supplies,167,Jory Fen,3,144115188075855879,144115188075855879,17,4,0,432345564227567643
supplies,168,Jory Fen,3,144115188075855879,144115188075855879,17,4,0,432345564227567643
supplies,169,Jory Fen,3,144115188075855879,144115188075855879,17,4,0,432345564227567643
supplies,170,Jory Fen,3,144115188075855879,144115188075855879,17,4,0,432345564227567643
supplies,171,Jory Fen,3,144115188075855879,144115188075855879,17,4,0,432345564227567643
supplies,172,Jory Fen,3,144115188075855879,144115188075855879,17,4,0,432345564227567643
supplies,173,Jory Fen,3,144115188075855879,144115188075855879,17,4,0,432345564227567643
supplies,174,Jory Fen,3,144115188075855879,144115188075855879,17,4,0,432345564227567643
supplies,175,Jory Fen,3,144115188075855879,144115188075855879,17,4,0,432345564227567643
supplies,176,Jory Fen,3,144115188075855879,144115188075855879,17,4,0,432345564227567643
supplies,177,Jory Fen,3,144115188075855879,144115188075855879,17,4,0,432345564227567643
supplies,178,Jory Fen,3,144115188075855879,144115188075855879,17,4,0,432345564227567643
supplies,179,Jory Fen,3,144115188075855879,144115188075855879,17,4,0,432345564227567643
supplies,180,Jory Fen,3,144115188075855879,144115188075855879,17,4,0,432345564227567643
repair,0,Jory Fen,3,144115188075855879,144115188075855877,10,1,0,0
repair,1,Jory Fen,3,144115188075855879,144115188075855877,14,2,0,0
repair,2,Jory Fen,3,144115188075855879,144115188075855877,18,3,0,432345564227567643
repair,3,Jory Fen,3,144115188075855879,144115188075855877,18,3,0,432345564227567643
repair,4,Jory Fen,3,144115188075855879,144115188075855877,18,3,0,432345564227567643
repair,5,Jory Fen,3,144115188075855879,144115188075855877,18,3,0,432345564227567643
repair,6,Jory Fen,3,144115188075855879,144115188075855877,18,3,0,432345564227567643
repair,7,Jory Fen,3,144115188075855879,144115188075855877,18,3,0,432345564227567643
repair,8,Jory Fen,3,144115188075855879,144115188075855877,18,3,0,432345564227567643
repair,9,Jory Fen,3,144115188075855879,144115188075855877,18,3,0,432345564227567643
repair,10,Jory Fen,3,144115188075855879,144115188075855877,18,3,0,432345564227567643
repair,11,Jory Fen,3,144115188075855879,144115188075855877,18,3,0,432345564227567643
repair,12,Jory Fen,3,144115188075855879,144115188075855877,18,3,0,432345564227567643
repair,13,Jory Fen,3,144115188075855879,144115188075855877,18,3,0,432345564227567643
repair,14,Jory Fen,3,144115188075855879,144115188075855877,18,3,0,432345564227567643
repair,15,Jory Fen,3,144115188075855879,144115188075855877,18,3,0,432345564227567643
repair,16,Jory Fen,3,144115188075855879,144115188075855877,18,3,0,432345564227567643
repair,17,Jory Fen,3,144115188075855879,144115188075855877,18,3,0,432345564227567643
repair,18,Jory Fen,3,144115188075855879,144115188075855877,18,3,0,432345564227567643
repair,19,Jory Fen,3,144115188075855879,144115188075855877,18,3,0,432345564227567643
repair,20,Jory Fen,3,144115188075855879,144115188075855877,18,3,0,432345564227567643
repair,21,Jory Fen,3,144115188075855879,144115188075855877,18,3,0,432345564227567643
repair,22,Jory Fen,3,144115188075855879,144115188075855877,18,3,0,432345564227567643
repair,23,Jory Fen,3,144115188075855879,144115188075855877,18,3,0,432345564227567643
repair,24,Jory Fen,3,144115188075855879,144115188075855877,18,3,0,432345564227567643
repair,25,Jory Fen,3,144115188075855879,144115188075855877,18,3,0,432345564227567643
repair,26,Jory Fen,3,144115188075855879,144115188075855877,18,3,0,432345564227567643
repair,27,Jory Fen,3,144115188075855879,144115188075855877,18,3,0,432345564227567643
repair,28,Jory Fen,3,144115188075855879,144115188075855877,18,3,0,432345564227567643
repair,29,Jory Fen,3,144115188075855879,144115188075855877,18,3,0,432345564227567643
repair,30,Jory Fen,3,144115188075855879,144115188075855877,18,3,0,432345564227567643
repair,31,Jory Fen,3,144115188075855879,144115188075855877,18,3,0,432345564227567643
repair,32,Jory Fen,3,144115188075855879,144115188075855877,18,3,0,432345564227567643
repair,33,Jory Fen,3,144115188075855879,144115188075855877,18,3,0,432345564227567643
repair,34,Jory Fen,3,144115188075855879,144115188075855877,18,3,0,432345564227567643
repair,35,Jory Fen,3,144115188075855879,144115188075855877,18,3,0,432345564227567643
repair,36,Jory Fen,3,144115188075855879,144115188075855877,18,3,0,432345564227567643
repair,37,Jory Fen,3,144115188075855879,144115188075855877,18,3,0,432345564227567643
repair,38,Jory Fen,3,144115188075855879,144115188075855877,18,3,0,432345564227567643
repair,39,Jory Fen,3,144115188075855879,144115188075855877,18,3,0,432345564227567643
repair,40,Jory Fen,3,144115188075855879,144115188075855877,18,3,0,432345564227567643
repair,41,Jory Fen,3,144115188075855879,144115188075855877,18,3,0,432345564227567643
repair,42,Jory Fen,3,144115188075855879,144115188075855877,18,3,0,432345564227567643
repair,43,Jory Fen,3,144115188075855879,144115188075855877,18,3,0,432345564227567643
repair,44,Jory Fen,3,144115188075855879,144115188075855877,18,3,0,432345564227567643
repair,45,Jory Fen,3,144115188075855879,144115188075855877,18,3,0,432345564227567643
repair,46,Jory Fen,3,144115188075855879,144115188075855877,18,3,0,432345564227567643
repair,47,Jory Fen,3,144115188075855879,144115188075855877,18,3,0,432345564227567643
repair,48,Jory Fen,3,144115188075855879,144115188075855877,18,3,0,432345564227567643
repair,49,Jory Fen,3,144115188075855879,144115188075855877,18,3,0,432345564227567643
repair,50,Jory Fen,3,144115188075855879,144115188075855877,18,3,0,432345564227567643
repair,51,Jory Fen,3,144115188075855879,144115188075855877,18,3,0,432345564227567643
repair,52,Jory Fen,3,144115188075855879,144115188075855877,18,3,0,432345564227567643
repair,53,Jory Fen,3,144115188075855879,144115188075855877,18,3,0,432345564227567643
repair,54,Jory Fen,3,144115188075855879,144115188075855877,18,3,0,432345564227567643
repair,55,Jory Fen,3,144115188075855879,144115188075855877,18,3,0,432345564227567643
repair,56,Jory Fen,3,144115188075855879,144115188075855877,18,3,0,432345564227567643
repair,57,Jory Fen,3,144115188075855879,144115188075855877,18,3,0,432345564227567643
repair,58,Jory Fen,3,144115188075855879,144115188075855877,18,3,0,432345564227567643
repair,59,Jory Fen,3,144115188075855879,144115188075855877,18,3,0,432345564227567643
repair,60,Jory Fen,3,144115188075855879,144115188075855877,18,3,0,432345564227567643
repair,61,Jory Fen,3,144115188075855879,144115188075855877,18,3,0,432345564227567643
repair,62,Jory Fen,3,144115188075855879,144115188075855877,18,3,0,432345564227567643
repair,63,Jory Fen,3,144115188075855879,144115188075855877,18,3,0,432345564227567643
repair,64,Jory Fen,3,144115188075855879,144115188075855877,18,3,0,432345564227567643
repair,65,Jory Fen,3,144115188075855879,144115188075855877,18,3,0,432345564227567643
repair,66,Jory Fen,3,144115188075855879,144115188075855877,18,3,0,432345564227567643
repair,67,Jory Fen,3,144115188075855879,144115188075855877,18,3,0,432345564227567643
repair,68,Jory Fen,3,144115188075855879,144115188075855877,18,3,0,432345564227567643
repair,69,Jory Fen,3,144115188075855879,144115188075855877,18,3,0,432345564227567643
repair,70,Jory Fen,3,144115188075855879,144115188075855877,18,3,0,432345564227567643
repair,71,Jory Fen,3,144115188075855879,144115188075855877,18,3,0,432345564227567643
repair,72,Jory Fen,3,144115188075855879,144115188075855877,18,3,0,432345564227567643
repair,73,Jory Fen,3,144115188075855879,144115188075855877,18,3,0,432345564227567643
repair,74,Jory Fen,3,144115188075855879,144115188075855877,18,3,0,432345564227567643
repair,75,Jory Fen,3,144115188075855879,144115188075855877,18,3,0,432345564227567643
repair,76,Jory Fen,3,144115188075855879,144115188075855877,18,3,0,432345564227567643
repair,77,Jory Fen,3,144115188075855879,144115188075855877,18,3,0,432345564227567643
repair,78,Jory Fen,3,144115188075855879,144115188075855877,18,3,0,432345564227567643
repair,79,Jory Fen,3,144115188075855879,144115188075855877,18,3,0,432345564227567643
repair,80,Jory Fen,3,144115188075855879,144115188075855877,18,3,0,432345564227567643
repair,81,Jory Fen,3,144115188075855879,144115188075855877,18,3,0,432345564227567643
repair,82,Jory Fen,3,144115188075855879,144115188075855877,18,3,0,432345564227567643
repair,83,Jory Fen,3,144115188075855879,144115188075855877,18,3,0,432345564227567643
repair,84,Jory Fen,3,144115188075855879,144115188075855877,18,3,0,432345564227567643
repair,85,Jory Fen,3,144115188075855879,144115188075855877,18,3,0,432345564227567643
repair,86,Jory Fen,3,144115188075855879,144115188075855877,18,3,0,432345564227567643
repair,87,Jory Fen,3,144115188075855879,144115188075855877,18,3,0,432345564227567643
repair,88,Jory Fen,3,144115188075855879,144115188075855877,18,3,0,432345564227567643
repair,89,Jory Fen,3,144115188075855879,144115188075855877,18,3,0,432345564227567643
repair,90,Jory Fen,3,144115188075855879,144115188075855877,18,3,0,432345564227567643
repair,91,Jory Fen,3,144115188075855879,144115188075855877,18,3,0,432345564227567643
repair,92,Jory Fen,3,144115188075855879,144115188075855877,18,3,0,432345564227567643
repair,93,Jory Fen,3,144115188075855879,144115188075855877,18,3,0,432345564227567643
repair,94,Jory Fen,3,144115188075855879,144115188075855877,18,3,0,432345564227567643
repair,95,Jory Fen,3,144115188075855879,144115188075855877,18,3,0,432345564227567643
repair,96,Jory Fen,3,144115188075855879,144115188075855877,18,3,0,432345564227567643
repair,97,Jory Fen,3,144115188075855879,144115188075855877,18,3,0,432345564227567643
repair,98,Jory Fen,3,144115188075855879,144115188075855877,18,3,0,432345564227567643
repair,99,Jory Fen,3,144115188075855879,144115188075855877,18,3,0,432345564227567643
repair,100,Jory Fen,3,144115188075855879,144115188075855877,18,3,0,432345564227567643
repair,101,Jory Fen,3,144115188075855879,144115188075855877,18,3,0,432345564227567643
repair,102,Jory Fen,3,144115188075855879,144115188075855877,18,3,0,432345564227567643
repair,103,Jory Fen,3,144115188075855879,144115188075855877,18,3,0,432345564227567643
repair,104,Jory Fen,3,144115188075855879,144115188075855877,18,3,0,432345564227567643
repair,105,Jory Fen,3,144115188075855879,144115188075855877,18,3,0,432345564227567643
repair,106,Jory Fen,3,144115188075855879,144115188075855877,18,3,0,432345564227567643
repair,107,Jory Fen,3,144115188075855879,144115188075855877,18,3,0,432345564227567643
repair,108,Jory Fen,3,144115188075855879,144115188075855877,18,3,0,432345564227567643
repair,109,Jory Fen,3,144115188075855879,144115188075855877,18,3,0,432345564227567643
repair,110,Jory Fen,3,144115188075855879,144115188075855877,18,3,0,432345564227567643
repair,111,Jory Fen,3,144115188075855879,144115188075855877,18,3,0,432345564227567643
repair,112,Jory Fen,3,144115188075855879,144115188075855877,18,3,0,432345564227567643
repair,113,Jory Fen,3,144115188075855879,144115188075855877,18,3,0,432345564227567643
repair,114,Jory Fen,3,144115188075855879,144115188075855877,18,3,0,432345564227567643
repair,115,Jory Fen,3,144115188075855879,144115188075855877,18,3,0,432345564227567643
repair,116,Jory Fen,3,144115188075855879,144115188075855877,18,3,0,432345564227567643
repair,117,Jory Fen,3,144115188075855879,144115188075855877,18,3,0,432345564227567643
repair,118,Jory Fen,3,144115188075855879,144115188075855877,18,3,0,432345564227567643
repair,119,Jory Fen,3,144115188075855879,144115188075855877,18,3,0,432345564227567643
repair,120,Jory Fen,3,144115188075855879,144115188075855877,18,3,0,432345564227567643
repair,121,Jory Fen,3,144115188075855879,144115188075855877,18,3,0,432345564227567643
repair,122,Jory Fen,3,144115188075855879,144115188075855877,18,3,0,432345564227567643
repair,123,Jory Fen,3,144115188075855879,144115188075855877,18,3,0,432345564227567643
repair,124,Jory Fen,3,144115188075855879,144115188075855877,18,3,0,432345564227567643
repair,125,Jory Fen,3,144115188075855879,144115188075855877,18,3,0,432345564227567643
repair,126,Jory Fen,3,144115188075855879,144115188075855877,18,3,0,432345564227567643
repair,127,Jory Fen,3,144115188075855879,144115188075855877,18,3,0,432345564227567643
repair,128,Jory Fen,3,144115188075855879,144115188075855877,18,3,0,432345564227567643
repair,129,Jory Fen,3,144115188075855879,144115188075855877,18,3,0,432345564227567643
repair,130,Jory Fen,3,144115188075855879,144115188075855877,18,3,0,432345564227567643
repair,131,Jory Fen,3,144115188075855879,144115188075855877,18,3,0,432345564227567643
repair,132,Jory Fen,3,144115188075855879,144115188075855877,18,3,0,432345564227567643
repair,133,Jory Fen,3,144115188075855879,144115188075855877,18,3,0,432345564227567643
repair,134,Jory Fen,3,144115188075855879,144115188075855877,18,3,0,432345564227567643
repair,135,Jory Fen,3,144115188075855879,144115188075855877,18,3,0,432345564227567643
repair,136,Jory Fen,3,144115188075855879,144115188075855877,18,3,0,432345564227567643
repair,137,Jory Fen,3,144115188075855879,144115188075855877,18,3,0,432345564227567643
repair,138,Jory Fen,3,144115188075855879,144115188075855877,18,3,0,432345564227567643
repair,139,Jory Fen,3,144115188075855879,144115188075855877,18,3,0,432345564227567643
repair,140,Jory Fen,3,144115188075855879,144115188075855877,18,3,0,432345564227567643
repair,141,Jory Fen,3,144115188075855879,144115188075855877,18,3,0,432345564227567643
repair,142,Jory Fen,3,144115188075855879,144115188075855877,18,3,0,432345564227567643
repair,143,Jory Fen,3,144115188075855879,144115188075855877,18,3,0,432345564227567643
repair,144,Jory Fen,3,144115188075855879,144115188075855877,18,3,0,432345564227567643
repair,145,Jory Fen,3,144115188075855879,144115188075855877,18,3,0,432345564227567643
repair,146,Jory Fen,3,144115188075855879,144115188075855877,18,3,0,432345564227567643
repair,147,Jory Fen,3,144115188075855879,144115188075855877,18,3,0,432345564227567643
repair,148,Jory Fen,3,144115188075855879,144115188075855877,18,3,0,432345564227567643
repair,149,Jory Fen,3,144115188075855879,144115188075855877,18,3,0,432345564227567643
repair,150,Jory Fen,3,144115188075855879,144115188075855877,18,3,0,432345564227567643
repair,151,Jory Fen,3,144115188075855879,144115188075855877,18,3,0,432345564227567643
repair,152,Jory Fen,3,144115188075855879,144115188075855877,18,3,0,432345564227567643
repair,153,Jory Fen,3,144115188075855879,144115188075855877,18,3,0,432345564227567643
repair,154,Jory Fen,3,144115188075855879,144115188075855877,18,3,0,432345564227567643
repair,155,Jory Fen,3,144115188075855879,144115188075855877,18,3,0,432345564227567643
repair,156,Jory Fen,3,144115188075855879,144115188075855877,18,3,0,432345564227567643
repair,157,Jory Fen,3,144115188075855879,144115188075855877,18,3,0,432345564227567643
repair,158,Jory Fen,3,144115188075855879,144115188075855877,18,3,0,432345564227567643
repair,159,Jory Fen,3,144115188075855879,144115188075855877,18,3,0,432345564227567643
repair,160,Jory Fen,3,144115188075855879,144115188075855877,18,3,0,432345564227567643
repair,161,Jory Fen,3,144115188075855879,144115188075855877,18,3,0,432345564227567643
repair,162,Jory Fen,3,144115188075855879,144115188075855877,18,3,0,432345564227567643
repair,163,Jory Fen,3,144115188075855879,144115188075855877,18,3,0,432345564227567643
repair,164,Jory Fen,3,144115188075855879,144115188075855877,18,3,0,432345564227567643
repair,165,Jory Fen,3,144115188075855879,144115188075855877,18,3,0,432345564227567643
repair,166,Jory Fen,3,144115188075855879,144115188075855877,18,3,0,432345564227567643
repair,167,Jory Fen,3,144115188075855879,144115188075855877,18,3,0,432345564227567643
repair,168,Jory Fen,3,144115188075855879,144115188075855877,18,3,0,432345564227567643
repair,169,Jory Fen,3,144115188075855879,144115188075855877,18,3,0,432345564227567643
repair,170,Jory Fen,3,144115188075855879,144115188075855877,18,3,0,432345564227567643
repair,171,Jory Fen,3,144115188075855879,144115188075855877,18,3,0,432345564227567643
repair,172,Jory Fen,3,144115188075855879,144115188075855877,18,3,0,432345564227567643
repair,173,Jory Fen,3,144115188075855879,144115188075855877,18,3,0,432345564227567643
repair,174,Jory Fen,3,144115188075855879,144115188075855877,18,3,0,432345564227567643
repair,175,Jory Fen,3,144115188075855879,144115188075855877,18,3,0,432345564227567643
repair,176,Jory Fen,3,144115188075855879,144115188075855877,18,3,0,432345564227567643
repair,177,Jory Fen,3,144115188075855879,144115188075855877,18,3,0,432345564227567643
repair,178,Jory Fen,3,144115188075855879,144115188075855877,18,3,0,432345564227567643
repair,179,Jory Fen,3,144115188075855879,144115188075855877,18,3,0,432345564227567643
repair,180,Jory Fen,3,144115188075855879,144115188075855877,18,3,0,432345564227567643
fund_repair,0,Jory Fen,3,144115188075855879,144115188075855877,10,1,0,0
fund_repair,1,Jory Fen,3,144115188075855879,144115188075855877,14,2,0,0
fund_repair,2,Jory Fen,3,144115188075855879,144115188075855877,18,3,0,432345564227567643
fund_repair,3,Jory Fen,3,144115188075855879,144115188075855877,18,3,0,432345564227567643
fund_repair,4,Jory Fen,3,144115188075855879,144115188075855877,18,3,0,432345564227567643
fund_repair,5,Jory Fen,3,144115188075855879,144115188075855877,18,3,0,432345564227567643
fund_repair,6,Jory Fen,3,144115188075855879,144115188075855877,18,3,0,432345564227567643
fund_repair,7,Jory Fen,3,144115188075855879,144115188075855877,18,3,0,432345564227567643
fund_repair,8,Jory Fen,3,144115188075855879,144115188075855877,18,3,0,432345564227567643
fund_repair,9,Jory Fen,3,144115188075855879,144115188075855877,18,3,0,432345564227567643
fund_repair,10,Jory Fen,3,144115188075855879,144115188075855877,18,3,0,432345564227567643
fund_repair,11,Jory Fen,3,144115188075855879,144115188075855877,18,3,0,432345564227567643
fund_repair,12,Jory Fen,3,144115188075855879,144115188075855877,18,3,0,432345564227567643
fund_repair,13,Jory Fen,3,144115188075855879,144115188075855877,18,3,0,432345564227567643
fund_repair,14,Jory Fen,3,144115188075855879,144115188075855877,18,3,0,432345564227567643
fund_repair,15,Jory Fen,3,144115188075855879,144115188075855877,18,3,0,432345564227567643
fund_repair,16,Jory Fen,3,144115188075855879,144115188075855877,18,3,0,432345564227567643
fund_repair,17,Jory Fen,3,144115188075855879,144115188075855877,18,3,0,432345564227567643
fund_repair,18,Jory Fen,3,144115188075855879,144115188075855877,18,3,0,432345564227567643
fund_repair,19,Jory Fen,3,144115188075855879,144115188075855877,18,3,0,432345564227567643
fund_repair,20,Jory Fen,3,144115188075855879,144115188075855877,18,3,0,432345564227567643
fund_repair,21,Jory Fen,3,144115188075855879,144115188075855877,18,3,0,432345564227567643
fund_repair,22,Jory Fen,3,144115188075855879,144115188075855877,18,3,0,432345564227567643
fund_repair,23,Jory Fen,3,144115188075855879,144115188075855877,18,3,0,432345564227567643
fund_repair,24,Jory Fen,3,144115188075855879,144115188075855877,18,3,0,432345564227567643
fund_repair,25,Jory Fen,3,144115188075855879,144115188075855877,18,3,0,432345564227567643
fund_repair,26,Jory Fen,3,144115188075855879,144115188075855877,18,3,0,432345564227567643
fund_repair,27,Jory Fen,3,144115188075855879,144115188075855877,18,3,0,432345564227567643
fund_repair,28,Jory Fen,3,144115188075855879,144115188075855877,18,3,0,432345564227567643
fund_repair,29,Jory Fen,3,144115188075855879,144115188075855877,18,3,0,432345564227567643
fund_repair,30,Jory Fen,3,144115188075855879,144115188075855877,18,3,0,432345564227567643
fund_repair,31,Jory Fen,3,144115188075855879,144115188075855877,18,3,0,432345564227567643
fund_repair,32,Jory Fen,3,144115188075855879,144115188075855877,18,3,0,432345564227567643
fund_repair,33,Jory Fen,3,144115188075855879,144115188075855877,18,3,0,432345564227567643
fund_repair,34,Jory Fen,3,144115188075855879,144115188075855877,18,3,0,432345564227567643
fund_repair,35,Jory Fen,3,144115188075855879,144115188075855877,18,3,0,432345564227567643
fund_repair,36,Jory Fen,3,144115188075855879,144115188075855877,18,3,0,432345564227567643
fund_repair,37,Jory Fen,3,144115188075855879,144115188075855877,18,3,0,432345564227567643
fund_repair,38,Jory Fen,3,144115188075855879,144115188075855877,18,3,0,432345564227567643
fund_repair,39,Jory Fen,3,144115188075855879,144115188075855877,18,3,0,432345564227567643
fund_repair,40,Jory Fen,3,144115188075855879,144115188075855877,18,3,0,432345564227567643
fund_repair,41,Jory Fen,3,144115188075855879,144115188075855877,18,3,0,432345564227567643
fund_repair,42,Jory Fen,3,144115188075855879,144115188075855877,18,3,0,432345564227567643
fund_repair,43,Jory Fen,3,144115188075855879,144115188075855877,18,3,0,432345564227567643
fund_repair,44,Jory Fen,3,144115188075855879,144115188075855877,18,3,0,432345564227567643
fund_repair,45,Jory Fen,3,144115188075855879,144115188075855877,18,3,0,432345564227567643
fund_repair,46,Jory Fen,3,144115188075855879,144115188075855877,18,3,0,432345564227567643
fund_repair,47,Jory Fen,3,144115188075855879,144115188075855877,18,3,0,432345564227567643
fund_repair,48,Jory Fen,3,144115188075855879,144115188075855877,18,3,0,432345564227567643
fund_repair,49,Jory Fen,3,144115188075855879,144115188075855877,18,3,0,432345564227567643
fund_repair,50,Jory Fen,3,144115188075855879,144115188075855877,18,3,0,432345564227567643
fund_repair,51,Jory Fen,3,144115188075855879,144115188075855877,18,3,0,432345564227567643
fund_repair,52,Jory Fen,3,144115188075855879,144115188075855877,18,3,0,432345564227567643
fund_repair,53,Jory Fen,3,144115188075855879,144115188075855877,18,3,0,432345564227567643
fund_repair,54,Jory Fen,3,144115188075855879,144115188075855877,18,3,0,432345564227567643
fund_repair,55,Jory Fen,3,144115188075855879,144115188075855877,18,3,0,432345564227567643
fund_repair,56,Jory Fen,3,144115188075855879,144115188075855877,18,3,0,432345564227567643
fund_repair,57,Jory Fen,3,144115188075855879,144115188075855877,18,3,0,432345564227567643
fund_repair,58,Jory Fen,3,144115188075855879,144115188075855877,18,3,0,432345564227567643
fund_repair,59,Jory Fen,3,144115188075855879,144115188075855877,18,3,0,432345564227567643
fund_repair,60,Jory Fen,3,144115188075855879,144115188075855877,18,3,0,432345564227567643
fund_repair,61,Jory Fen,3,144115188075855879,144115188075855877,18,3,0,432345564227567643
fund_repair,62,Jory Fen,3,144115188075855879,144115188075855877,18,3,0,432345564227567643
fund_repair,63,Jory Fen,3,144115188075855879,144115188075855877,18,3,0,432345564227567643
fund_repair,64,Jory Fen,3,144115188075855879,144115188075855877,18,3,0,432345564227567643
fund_repair,65,Jory Fen,3,144115188075855879,144115188075855877,18,3,0,432345564227567643
fund_repair,66,Jory Fen,3,144115188075855879,144115188075855877,18,3,0,432345564227567643
fund_repair,67,Jory Fen,3,144115188075855879,144115188075855877,18,3,0,432345564227567643
fund_repair,68,Jory Fen,3,144115188075855879,144115188075855877,18,3,0,432345564227567643
fund_repair,69,Jory Fen,3,144115188075855879,144115188075855877,18,3,0,432345564227567643
fund_repair,70,Jory Fen,3,144115188075855879,144115188075855877,18,3,0,432345564227567643
fund_repair,71,Jory Fen,3,144115188075855879,144115188075855877,18,3,0,432345564227567643
fund_repair,72,Jory Fen,3,144115188075855879,144115188075855877,18,3,0,432345564227567643
fund_repair,73,Jory Fen,3,144115188075855879,144115188075855877,18,3,0,432345564227567643
fund_repair,74,Jory Fen,3,144115188075855879,144115188075855877,18,3,0,432345564227567643
fund_repair,75,Jory Fen,3,144115188075855879,144115188075855877,18,3,0,432345564227567643
fund_repair,76,Jory Fen,3,144115188075855879,144115188075855877,18,3,0,432345564227567643
fund_repair,77,Jory Fen,3,144115188075855879,144115188075855877,18,3,0,432345564227567643
fund_repair,78,Jory Fen,3,144115188075855879,144115188075855877,18,3,0,432345564227567643
fund_repair,79,Jory Fen,3,144115188075855879,144115188075855877,18,3,0,432345564227567643
fund_repair,80,Jory Fen,3,144115188075855879,144115188075855877,18,3,0,432345564227567643
fund_repair,81,Jory Fen,3,144115188075855879,144115188075855877,18,3,0,432345564227567643
fund_repair,82,Jory Fen,3,144115188075855879,144115188075855877,18,3,0,432345564227567643
fund_repair,83,Jory Fen,3,144115188075855879,144115188075855877,18,3,0,432345564227567643
fund_repair,84,Jory Fen,3,144115188075855879,144115188075855877,18,3,0,432345564227567643
fund_repair,85,Jory Fen,3,144115188075855879,144115188075855877,18,3,0,432345564227567643
fund_repair,86,Jory Fen,3,144115188075855879,144115188075855877,18,3,0,432345564227567643
fund_repair,87,Jory Fen,3,144115188075855879,144115188075855877,18,3,0,432345564227567643
fund_repair,88,Jory Fen,3,144115188075855879,144115188075855877,18,3,0,432345564227567643
fund_repair,89,Jory Fen,3,144115188075855879,144115188075855877,18,3,0,432345564227567643
fund_repair,90,Jory Fen,3,144115188075855879,144115188075855877,18,3,0,432345564227567643
fund_repair,91,Jory Fen,3,144115188075855879,144115188075855877,18,3,0,432345564227567643
fund_repair,92,Jory Fen,3,144115188075855879,144115188075855877,18,3,0,432345564227567643
fund_repair,93,Jory Fen,3,144115188075855879,144115188075855877,18,3,0,432345564227567643
fund_repair,94,Jory Fen,3,144115188075855879,144115188075855877,18,3,0,432345564227567643
fund_repair,95,Jory Fen,3,144115188075855879,144115188075855877,18,3,0,432345564227567643
fund_repair,96,Jory Fen,3,144115188075855879,144115188075855877,18,3,0,432345564227567643
fund_repair,97,Jory Fen,3,144115188075855879,144115188075855877,18,3,0,432345564227567643
fund_repair,98,Jory Fen,3,144115188075855879,144115188075855877,18,3,0,432345564227567643
fund_repair,99,Jory Fen,3,144115188075855879,144115188075855877,18,3,0,432345564227567643
fund_repair,100,Jory Fen,3,144115188075855879,144115188075855877,18,3,0,432345564227567643
fund_repair,101,Jory Fen,3,144115188075855879,144115188075855877,18,3,0,432345564227567643
fund_repair,102,Jory Fen,3,144115188075855879,144115188075855877,18,3,0,432345564227567643
fund_repair,103,Jory Fen,3,144115188075855879,144115188075855877,18,3,0,432345564227567643
fund_repair,104,Jory Fen,3,144115188075855879,144115188075855877,18,3,0,432345564227567643
fund_repair,105,Jory Fen,3,144115188075855879,144115188075855877,18,3,0,432345564227567643
fund_repair,106,Jory Fen,3,144115188075855879,144115188075855877,18,3,0,432345564227567643
fund_repair,107,Jory Fen,3,144115188075855879,144115188075855877,18,3,0,432345564227567643
fund_repair,108,Jory Fen,3,144115188075855879,144115188075855877,18,3,0,432345564227567643
fund_repair,109,Jory Fen,3,144115188075855879,144115188075855877,18,3,0,432345564227567643
fund_repair,110,Jory Fen,3,144115188075855879,144115188075855877,18,3,0,432345564227567643
fund_repair,111,Jory Fen,3,144115188075855879,144115188075855877,18,3,0,432345564227567643
fund_repair,112,Jory Fen,3,144115188075855879,144115188075855877,18,3,0,432345564227567643
fund_repair,113,Jory Fen,3,144115188075855879,144115188075855877,18,3,0,432345564227567643
fund_repair,114,Jory Fen,3,144115188075855879,144115188075855877,18,3,0,432345564227567643
fund_repair,115,Jory Fen,3,144115188075855879,144115188075855877,18,3,0,432345564227567643
fund_repair,116,Jory Fen,3,144115188075855879,144115188075855877,18,3,0,432345564227567643
fund_repair,117,Jory Fen,3,144115188075855879,144115188075855877,18,3,0,432345564227567643
fund_repair,118,Jory Fen,3,144115188075855879,144115188075855877,18,3,0,432345564227567643
fund_repair,119,Jory Fen,3,144115188075855879,144115188075855877,18,3,0,432345564227567643
fund_repair,120,Jory Fen,3,144115188075855879,144115188075855877,18,3,0,432345564227567643
fund_repair,121,Jory Fen,3,144115188075855879,144115188075855877,18,3,0,432345564227567643
fund_repair,122,Jory Fen,3,144115188075855879,144115188075855877,18,3,0,432345564227567643
fund_repair,123,Jory Fen,3,144115188075855879,144115188075855877,18,3,0,432345564227567643
fund_repair,124,Jory Fen,3,144115188075855879,144115188075855877,18,3,0,432345564227567643
fund_repair,125,Jory Fen,3,144115188075855879,144115188075855877,18,3,0,432345564227567643
fund_repair,126,Jory Fen,3,144115188075855879,144115188075855877,18,3,0,432345564227567643
fund_repair,127,Jory Fen,3,144115188075855879,144115188075855877,18,3,0,432345564227567643
fund_repair,128,Jory Fen,3,144115188075855879,144115188075855877,18,3,0,432345564227567643
fund_repair,129,Jory Fen,3,144115188075855879,144115188075855877,18,3,0,432345564227567643
fund_repair,130,Jory Fen,3,144115188075855879,144115188075855877,18,3,0,432345564227567643
fund_repair,131,Jory Fen,3,144115188075855879,144115188075855877,18,3,0,432345564227567643
fund_repair,132,Jory Fen,3,144115188075855879,144115188075855877,18,3,0,432345564227567643
fund_repair,133,Jory Fen,3,144115188075855879,144115188075855877,18,3,0,432345564227567643
fund_repair,134,Jory Fen,3,144115188075855879,144115188075855877,18,3,0,432345564227567643
fund_repair,135,Jory Fen,3,144115188075855879,144115188075855877,18,3,0,432345564227567643
fund_repair,136,Jory Fen,3,144115188075855879,144115188075855877,18,3,0,432345564227567643
fund_repair,137,Jory Fen,3,144115188075855879,144115188075855877,18,3,0,432345564227567643
fund_repair,138,Jory Fen,3,144115188075855879,144115188075855877,18,3,0,432345564227567643
fund_repair,139,Jory Fen,3,144115188075855879,144115188075855877,18,3,0,432345564227567643
fund_repair,140,Jory Fen,3,144115188075855879,144115188075855877,18,3,0,432345564227567643
fund_repair,141,Jory Fen,3,144115188075855879,144115188075855877,18,3,0,432345564227567643
fund_repair,142,Jory Fen,3,144115188075855879,144115188075855877,18,3,0,432345564227567643
fund_repair,143,Jory Fen,3,144115188075855879,144115188075855877,18,3,0,432345564227567643
fund_repair,144,Jory Fen,3,144115188075855879,144115188075855877,18,3,0,432345564227567643
fund_repair,145,Jory Fen,3,144115188075855879,144115188075855877,18,3,0,432345564227567643
fund_repair,146,Jory Fen,3,144115188075855879,144115188075855877,18,3,0,432345564227567643
fund_repair,147,Jory Fen,3,144115188075855879,144115188075855877,18,3,0,432345564227567643
fund_repair,148,Jory Fen,3,144115188075855879,144115188075855877,18,3,0,432345564227567643
fund_repair,149,Jory Fen,3,144115188075855879,144115188075855877,18,3,0,432345564227567643
fund_repair,150,Jory Fen,3,144115188075855879,144115188075855877,18,3,0,432345564227567643
fund_repair,151,Jory Fen,3,144115188075855879,144115188075855877,18,3,0,432345564227567643
fund_repair,152,Jory Fen,3,144115188075855879,144115188075855877,18,3,0,432345564227567643
fund_repair,153,Jory Fen,3,144115188075855879,144115188075855877,18,3,0,432345564227567643
fund_repair,154,Jory Fen,3,144115188075855879,144115188075855877,18,3,0,432345564227567643
fund_repair,155,Jory Fen,3,144115188075855879,144115188075855877,18,3,0,432345564227567643
fund_repair,156,Jory Fen,3,144115188075855879,144115188075855877,18,3,0,432345564227567643
fund_repair,157,Jory Fen,3,144115188075855879,144115188075855877,18,3,0,432345564227567643
fund_repair,158,Jory Fen,3,144115188075855879,144115188075855877,18,3,0,432345564227567643
fund_repair,159,Jory Fen,3,144115188075855879,144115188075855877,18,3,0,432345564227567643
fund_repair,160,Jory Fen,3,144115188075855879,144115188075855877,18,3,0,432345564227567643
fund_repair,161,Jory Fen,3,144115188075855879,144115188075855877,18,3,0,432345564227567643
fund_repair,162,Jory Fen,3,144115188075855879,144115188075855877,18,3,0,432345564227567643
fund_repair,163,Jory Fen,3,144115188075855879,144115188075855877,18,3,0,432345564227567643
fund_repair,164,Jory Fen,3,144115188075855879,144115188075855877,18,3,0,432345564227567643
fund_repair,165,Jory Fen,3,144115188075855879,144115188075855877,18,3,0,432345564227567643
fund_repair,166,Jory Fen,3,144115188075855879,144115188075855877,18,3,0,432345564227567643
fund_repair,167,Jory Fen,3,144115188075855879,144115188075855877,18,3,0,432345564227567643
fund_repair,168,Jory Fen,3,144115188075855879,144115188075855877,18,3,0,432345564227567643
fund_repair,169,Jory Fen,3,144115188075855879,144115188075855877,18,3,0,432345564227567643
fund_repair,170,Jory Fen,3,144115188075855879,144115188075855877,18,3,0,432345564227567643
fund_repair,171,Jory Fen,3,144115188075855879,144115188075855877,18,3,0,432345564227567643
fund_repair,172,Jory Fen,3,144115188075855879,144115188075855877,18,3,0,432345564227567643
fund_repair,173,Jory Fen,3,144115188075855879,144115188075855877,18,3,0,432345564227567643
fund_repair,174,Jory Fen,3,144115188075855879,144115188075855877,18,3,0,432345564227567643
fund_repair,175,Jory Fen,3,144115188075855879,144115188075855877,18,3,0,432345564227567643
fund_repair,176,Jory Fen,3,144115188075855879,144115188075855877,18,3,0,432345564227567643
fund_repair,177,Jory Fen,3,144115188075855879,144115188075855877,18,3,0,432345564227567643
fund_repair,178,Jory Fen,3,144115188075855879,144115188075855877,18,3,0,432345564227567643
fund_repair,179,Jory Fen,3,144115188075855879,144115188075855877,18,3,0,432345564227567643
fund_repair,180,Jory Fen,3,144115188075855879,144115188075855877,18,3,0,432345564227567643
